legajo,nombre,apellido,email,genero,nota_1p,nota_2p,nota_final,nivel,instructor
1,Tamarah,Manach,tmanach0@about.com,1,1.88,1.89,3.65,2,1
2,Lise,Tomblett,ltomblett1@lycos.com,1,1.60,4.88,4.70,2,2
3,Tymothy,Burch,tburch2@cornell.edu,2,7.62,2.88,3.67,2,3
4,Alwin,McKeurton,amckeurton3@godaddy.com,2,8.75,06.08,,5,4
5,Reidar,Shreeve,rshreeve4@npr.org,2,1.39,4.28,2.88,4,5
6,Harwilll,MacDonell,hmacdonell5@forbes.com,2,2.83,7.78,9.31,3,6
7,Fielding,Bernardelli,fbernardelli6@google.ca,2,5.56,1.39,02.01,5,5
8,Talyah,Eddie,teddie7@zdnet.com,3,3.71,6.29,,3,7
9,Lanny,Sigmund,lsigmund8@aol.com,2,7.46,06.05,1.28,1,5
10,Morry,Josovich,mjosovich9@purevolume.com,2,3.36,1.91,5.75,1,5
11,Jan,Bilovus,jbilovusa@walmart.com,3,4.97,4.94,,5,8
12,Steffen,Assante,sassanteb@ow.ly,2,9.71,6.98,1.97,5,9
13,Clemmy,Coggles,ccogglesc@bbb.org,1,6.20,04.02,7.27,2,10
14,Maxy,Tixall,mtixalld@eepurl.com,2,4.22,9.51,7.36,3,9
15,Dewey,O'Hickee,dohickeee@sina.com.cn,2,6.97,3.69,9.86,2,11
16,Trumaine,Hacquoil,thacquoilf@youtube.com,2,3.13,4.94,4.93,1,2
17,Rafaelita,Stockbridge,rstockbridgeg@g.co,1,2.27,4.22,2.10,3,12
18,Manolo,Broadway,mbroadwayh@nsw.gov.au,2,1.29,8.10,1.27,1,13
19,Maurice,Ragdale,mragdalei@illinois.edu,2,7.93,8.50,5.77,1,1
20,Eolande,Dudderidge,edudderidgej@bravesites.com,1,9.53,06.06,1.50,3,1
21,Kaylyn,Ascrofte,kascroftek@hostgator.com,1,2.79,2.42,7.00,1,3
22,Merola,Alejandri,malejandril@google.com.hk,1,8.20,7.57,4.11,1,3
23,Birgitta,Mumberson,bmumbersonm@sun.com,1,5.92,2.95,1.00,3,14
24,Irena,Gladhill,igladhilln@homestead.com,1,7.42,8.69,1.84,2,15
25,Rhodie,Maneylaws,rmaneylawso@mlb.com,1,1.37,3.60,2.59,5,12
26,Ossie,Hulburt,ohulburtp@cmu.edu,2,7.89,8.20,5.49,3,13
27,Basilio,Happs,bhappsq@yandex.ru,2,7.19,03.02,1.56,1,3
28,Franky,Copestake,fcopestaker@dedecms.com,2,1.43,08.08,08.05,3,2
29,Margot,Bignold,mbignolds@people.com.cn,1,3.18,8.50,4.92,1,8
30,Dyana,Seaward,dseawardt@nbcnews.com,1,7.34,6.86,7.31,3,12
31,Tripp,Durno,tdurnou@a8.net,2,3.67,9.69,8.39,2,2
32,Chucho,Goakes,cgoakesv@mediafire.com,3,2.85,8.47,5.26,3,11
33,Mathilde,Look,mlookw@printfriendly.com,1,7.44,4.17,8.32,3,16
34,Rozelle,Briers,rbriersx@unc.edu,1,7.89,5.64,8.81,5,8
35,Joell,Pirrey,jpirreyy@usnews.com,1,8.23,9.51,,2,17
36,Wanids,Swinn,wswinnz@google.de,3,2.83,4.99,8.33,1,8
37,Kele,Ritmeyer,kritmeyer10@upenn.edu,2,2.88,9.75,4.56,1,6
38,Lorilyn,Ladloe,lladloe11@shinystat.com,1,3.91,9.40,4.80,5,17
39,Robb,Yurmanovev,ryurmanovev12@tiny.cc,2,5.58,7.60,1.60,1,3
40,Ilse,Pyle,ipyle13@disqus.com,1,1.84,09.07,9.36,5,18
41,Clarice,Stallan,cstallan14@cornell.edu,1,7.69,9.41,,1,5
42,Akim,Southerden,asoutherden15@homestead.com,3,2.66,4.89,7.10,4,5
43,Kelli,Dewey,kdewey16@geocities.com,1,8.94,2.79,09.06,1,16
44,Tully,Philpault,tphilpault17@pagesperso-orange.fr,2,03.04,9.50,,2,19
45,Culley,Mebius,cmebius18@mozilla.org,2,4.68,6.19,3.42,1,15
46,Andra,Fawthrop,afawthrop19@51.la,1,6.38,2.59,6.92,4,10
47,Berty,Stoate,bstoate1a@cnbc.com,2,7.59,2.55,7.81,2,2
48,Hynda,Tuckwell,htuckwell1b@furl.net,1,9.46,2.93,,2,16
49,Torey,Sigfrid,tsigfrid1c@naver.com,4,05.01,2.80,6.55,1,12
50,Cull,Whyard,cwhyard1d@storify.com,2,9.17,3.77,4.12,1,6
51,Rachael,Evenden,revenden1e@prweb.com,1,6.70,5.87,9.47,4,17
52,Phoebe,Avrahamoff,pavrahamoff1f@about.com,3,03.06,3.92,3.67,5,2
53,Adriane,Rishman,arishman1g@aboutads.info,1,6.21,5.85,3.45,3,3
54,Aron,Clara,aclara1h@uol.com.br,2,7.79,2.13,8.20,3,11
55,Isidora,Marzello,imarzello1i@washingtonpost.com,1,9.71,2.25,2.24,4,12
56,Fairleigh,Kepe,fkepe1j@nhs.uk,2,2.17,2.42,5.55,1,18
57,Marleen,Piotrkowski,mpiotrkowski1k@gmpg.org,1,2.18,2.38,8.82,3,2
58,Elinore,Dunklee,edunklee1l@rakuten.co.jp,1,3.75,5.59,1.33,1,15
59,Darby,Freen,dfreen1m@gnu.org,2,6.54,3.36,1.80,5,7
60,Vikki,Khosa,vkhosa1n@youtube.com,1,4.65,7.39,,2,11
61,Lina,Cominotti,lcominotti1o@fastcompany.com,1,4.70,8.48,07.02,4,16
62,Devin,Houtbie,dhoutbie1p@eepurl.com,1,6.56,8.40,5.73,2,8
63,Ron,Rudeforth,rrudeforth1q@moonfruit.com,2,2.87,5.17,07.06,4,9
64,Donielle,Meharry,dmeharry1r@ucoz.com,1,2.00,6.31,3.49,4,4
65,Cindy,Sellar,csellar1s@theguardian.com,5,6.58,8.32,,3,4
66,Caril,Strettle,cstrettle1t@51.la,1,1.66,7.74,1.17,5,19
67,Brnaby,Tawton,btawton1u@de.vu,2,4.64,9.68,6.89,4,9
68,Jarid,Sclanders,jsclanders1v@smugmug.com,2,02.01,9.91,9.22,2,10
69,Traci,McLeary,tmcleary1w@meetup.com,1,01.04,5.10,3.36,1,8
70,Josephina,Daud,jdaud1x@hostgator.com,1,7.73,4.54,4.91,4,13
71,Ruby,Lunnon,rlunnon1y@sakura.ne.jp,2,1.29,9.42,1.20,4,17
72,Calv,Coneybeer,cconeybeer1z@huffingtonpost.com,2,4.50,9.48,1.59,3,20
73,Flynn,Hedditch,fhedditch20@amazon.de,2,6.11,8.11,6.43,5,13
74,Morganne,Meddings,mmeddings21@google.ru,1,2.71,8.15,3.66,3,3
75,Karlis,Brando,kbrando22@purevolume.com,2,2.15,8.46,01.01,4,1
76,Lorry,Farden,lfarden23@globo.com,2,05.01,05.04,,2,1
77,Eldredge,Campione,ecampione24@trellian.com,2,8.94,7.81,1.35,4,15
78,Buddie,Devil,bdevil25@creativecommons.org,2,9.43,2.13,6.19,5,4
79,Lazare,Abrahmovici,labrahmovici26@forbes.com,6,7.63,4.57,8.67,4,2
80,Zea,Bulle,zbulle27@yale.edu,1,07.04,6.22,3.59,5,11
81,Padraic,Galer,pgaler28@gravatar.com,7,6.53,7.80,,5,3
82,Kippar,Lusted,klusted29@photobucket.com,2,1.86,9.80,,5,6
83,Hort,Ferraron,hferraron2a@google.com.br,2,4.55,7.97,6.86,3,12
84,Elysee,Pavlov,epavlov2b@netlog.com,1,2.58,9.72,8.49,5,9
85,Constancy,Gillebride,cgillebride2c@networkadvertising.org,1,4.63,4.96,6.85,3,15
86,Nikita,Haugeh,nhaugeh2d@about.com,2,4.58,7.58,7.12,1,9
87,Isa,McCarrick,imccarrick2e@wired.com,2,3.99,2.00,01.02,3,1
88,Gleda,Feldon,gfeldon2f@icio.us,1,7.64,3.28,2.75,2,19
89,Bendix,Eggleston,beggleston2g@samsung.com,2,2.15,4.52,,4,6
90,Hieronymus,Eliot,heliot2h@uol.com.br,5,9.15,5.59,5.57,3,9
91,Corney,Djakovic,cdjakovic2i@si.edu,2,6.42,7.56,8.60,3,7
92,Junette,Duchateau,jduchateau2j@alexa.com,1,8.12,5.84,2.23,5,2
93,Adrien,Mahmood,amahmood2k@trellian.com,2,6.57,2.65,9.32,1,5
94,Lesley,Clampe,lclampe2l@oracle.com,2,8.31,3.87,,1,17
95,Chanda,Tanzig,ctanzig2m@cbslocal.com,1,8.58,5.99,7.21,4,10
96,Quinlan,Roocroft,qroocroft2n@statcounter.com,2,2.13,7.96,8.70,1,20
97,Ezequiel,Sames,esames2o@aol.com,2,1.11,7.54,5.87,3,13
98,Jodee,Strange,jstrange2p@usatoday.com,1,1.78,6.31,,2,16
99,Jen,Boulger,jboulger2q@smh.com.au,1,1.31,1.37,,4,20
100,Odelia,Standall,ostandall2r@elpais.com,1,6.72,9.36,9.46,4,3
101,Casey,Marron,cmarron2s@geocities.com,1,2.69,03.07,,1,5
102,Dot,McBeth,dmcbeth2t@cmu.edu,1,1.32,1.10,07.04,5,14
103,Uta,Domanek,udomanek2u@homestead.com,1,6.67,4.79,8.36,2,14
104,Prudy,Calver,pcalver2v@prnewswire.com,1,4.31,2.91,1.69,2,11
105,Roanna,Ruller,rruller2w@linkedin.com,4,5.12,1.14,1.56,2,17
106,Livvyy,Cunnell,lcunnell2x@berkeley.edu,3,1.23,3.32,3.13,1,16
107,Garv,Clutterham,gclutterham2y@bandcamp.com,3,7.53,4.81,7.87,1,15
108,Nadiya,Barreau,nbarreau2z@storify.com,1,1.73,07.02,1.79,3,9
109,See,Pierro,spierro30@webeden.co.uk,2,5.79,5.12,8.19,1,12
110,Teodor,Vlasyev,tvlasyev31@nymag.com,2,07.08,6.76,8.65,5,18
111,Pall,Bramhill,pbramhill32@sohu.com,2,6.25,7.25,01.05,4,8
112,Markus,Alexsandrovich,malexsandrovich33@pen.io,2,4.86,3.96,,1,14
113,Emmye,Hinksen,ehinksen34@technorati.com,1,9.30,07.03,8.28,3,20
114,Allianora,Sawood,asawood35@joomla.org,1,1.86,5.54,9.92,2,4
115,Kathrine,McKibbin,kmckibbin36@myspace.com,1,1.54,2.40,5.73,3,7
116,Britta,Linklater,blinklater37@noaa.gov,4,3.67,2.69,05.05,4,9
117,Ellynn,Vauter,evauter38@homestead.com,1,9.94,2.88,5.63,4,19
118,Dwayne,Avramow,davramow39@google.nl,2,9.46,9.46,7.72,2,17
119,Rudie,Hansell,rhansell3a@amazon.co.jp,2,2.65,1.67,5.85,3,14
120,Sheffield,Ropking,sropking3b@google.pl,2,5.53,7.19,8.12,4,13
121,Davide,Berr,dberr3c@cyberchimps.com,2,7.43,8.44,5.65,4,2
122,Mitchell,Verna,mverna3d@woothemes.com,2,8.60,8.34,8.80,3,17
123,Maurice,Kinahan,mkinahan3e@gov.uk,2,1.19,3.39,2.87,4,12
124,Burke,Stride,bstride3f@ibm.com,2,6.35,6.97,3.60,2,14
125,Martguerita,Felmingham,mfelmingham3g@xing.com,1,9.53,2.28,1.50,4,11
126,Dalenna,Mussilli,dmussilli3h@seesaa.net,1,8.69,7.00,3.44,5,6
127,Eilis,McElroy,emcelroy3i@go.com,1,2.65,8.94,,4,12
128,Nikaniki,MacCosto,nmaccosto3j@comcast.net,1,3.15,5.19,7.29,5,17
129,Antonia,Matousek,amatousek3k@linkedin.com,1,1.52,5.62,8.22,3,10
130,Lukas,Bulloch,lbulloch3l@homestead.com,2,8.95,5.00,3.44,1,11
131,Andrey,Fraczak,afraczak3m@ft.com,2,04.04,6.12,4.16,4,10
132,Minda,Winslow,mwinslow3n@pbs.org,1,8.50,8.54,7.94,3,4
133,Martainn,Wase,mwase3o@sun.com,2,9.98,7.96,,3,7
134,Arly,Janovsky,ajanovsky3p@51.la,1,05.02,6.67,,5,4
135,Doris,Van de Castele,dvandecastele3q@craigslist.org,1,7.91,8.28,5.32,4,6
136,Saidee,Demaid,sdemaid3r@adobe.com,1,05.02,5.52,6.12,2,2
137,Karna,Hadaway,khadaway3s@i2i.jp,1,9.58,3.34,,5,13
138,Bryana,Carlill,bcarlill3t@dailymotion.com,4,06.06,6.34,1.27,2,13
139,Bobine,Imison,bimison3u@bizjournals.com,1,7.73,8.62,1.46,1,1
140,Felipa,Tuxwell,ftuxwell3v@msn.com,1,8.89,5.16,,1,17
141,Jewelle,Billows,jbillows3w@example.com,1,01.06,8.48,7.22,4,2
142,Tally,Neligan,tneligan3x@imageshack.us,2,7.25,7.11,,2,12
143,Frederick,Le land,fleland3y@jalbum.net,2,9.43,3.89,04.08,4,10
144,Ransell,Kelshaw,rkelshaw3z@arstechnica.com,2,3.32,7.58,02.03,5,6
145,Bernardine,Prover,bprover40@businessinsider.com,1,5.36,8.75,5.15,1,9
146,Livvie,Valentinuzzi,lvalentinuzzi41@w3.org,1,1.74,7.48,2.31,2,19
147,Saree,Sushams,ssushams42@amazon.co.jp,8,4.45,3.92,8.58,4,17
148,Britta,Flips,bflips43@cbsnews.com,1,1.58,6.60,1.80,3,18
149,Artemus,Swett,aswett44@amazon.de,2,4.88,1.87,4.86,4,8
150,Pammy,Wingate,pwingate45@theglobeandmail.com,1,05.05,7.47,8.94,3,20
151,Pieter,Hovie,phovie46@yahoo.com,2,6.60,1.79,2.87,2,11
152,Darrin,Cahan,dcahan47@comsenz.com,2,7.75,3.64,7.25,2,14
153,Oriana,Craister,ocraister48@go.com,1,1.48,8.36,,4,2
154,Blondelle,Frankcom,bfrankcom49@ox.ac.uk,1,7.96,6.65,4.35,2,17
155,Kelcie,Harpin,kharpin4a@last.fm,1,2.93,1.73,,5,7
156,Toddy,Firidolfi,tfiridolfi4b@sohu.com,2,7.87,7.10,3.91,3,4
157,Vonni,Yeabsley,vyeabsley4c@rambler.ru,1,5.27,6.22,4.60,1,15
158,Anjela,Gladdin,agladdin4d@netvibes.com,1,9.15,6.59,6.55,1,9
159,Darb,Cottem,dcottem4e@washingtonpost.com,1,5.24,2.26,,2,1
160,Ephrayim,Pamment,epamment4f@foxnews.com,2,9.14,9.31,4.67,5,11
161,Marcelline,Starte,mstarte4g@woothemes.com,1,9.30,5.56,7.32,4,9
162,Mara,Crippell,mcrippell4h@arizona.edu,1,2.77,02.05,9.25,1,15
163,Peg,Mantha,pmantha4i@home.pl,1,8.54,4.75,9.23,2,10
164,Torrin,Tropman,ttropman4j@ucsd.edu,2,3.58,5.35,5.16,3,18
165,Georges,Leathe,gleathe4k@youku.com,2,03.02,6.29,,3,16
166,Homer,Shillitto,hshillitto4l@nature.com,2,2.78,5.60,9.42,1,6
167,Guillema,Virgo,gvirgo4m@nsw.gov.au,1,8.41,6.31,8.92,2,9
168,Gennifer,Branchflower,gbranchflower4n@drupal.org,3,4.95,9.30,,1,6
169,Jaclin,Shipton,jshipton4o@cisco.com,6,4.22,1.89,,2,3
170,Dilly,Comrie,dcomrie4p@istockphoto.com,2,2.31,5.69,04.06,5,3
171,Enrichetta,Stuer,estuer4q@imdb.com,1,6.46,4.97,9.40,3,19
172,Archy,Bagnal,abagnal4r@gravatar.com,2,6.74,2.72,3.60,1,19
173,Dal,Constance,dconstance4s@ocn.ne.jp,2,5.16,7.56,,1,10
174,Evangelin,Heeran,eheeran4t@people.com.cn,3,1.23,1.67,2.96,2,3
175,Kippar,Simionescu,ksimionescu4u@merriam-webster.com,2,7.88,5.15,9.52,1,7
176,Eddi,Dietz,edietz4v@storify.com,1,9.54,4.60,,3,4
177,Leonerd,Mycock,lmycock4w@edublogs.org,2,5.78,9.55,01.07,2,5
178,Aldric,Eagling,aeagling4x@msn.com,2,5.56,5.94,,2,15
179,Steve,Yallop,syallop4y@google.nl,2,1.85,9.88,03.02,1,16
180,Cyndia,Lorente,clorente4z@multiply.com,1,7.45,4.27,07.08,4,10
181,Scott,Cashmore,scashmore50@nature.com,2,9.24,9.55,1.95,2,18
182,Thatch,Fairhurst,tfairhurst51@dmoz.org,2,9.54,4.31,2.79,2,11
183,Marita,Marchetti,mmarchetti52@yahoo.co.jp,1,2.24,2.27,,4,3
184,Gerard,Freer,gfreer53@symantec.com,2,2.43,8.23,3.48,3,14
185,Dominique,Saladino,dsaladino54@hibu.com,1,3.52,4.10,2.17,3,10
186,Anthia,Hinrichsen,ahinrichsen55@bluehost.com,6,1.12,7.87,2.34,1,17
187,Millard,Guerrero,mguerrero56@kickstarter.com,5,5.10,9.53,3.17,3,12
188,Merrie,Rogeon,mrogeon57@uiuc.edu,1,01.04,3.10,4.62,3,12
189,Stanislaw,Kew,skew58@ihg.com,2,5.39,5.56,1.52,3,1
190,Gayler,Darte,gdarte59@acquirethisname.com,2,8.20,4.57,6.65,2,10
191,Jerrilee,Torricina,jtorricina5a@yolasite.com,1,6.34,7.55,7.67,2,4
192,Peirce,Paddingdon,ppaddingdon5b@reverbnation.com,8,9.96,07.06,1.75,1,17
193,Eben,Deedes,edeedes5c@loc.gov,2,8.73,7.68,9.42,1,6
194,Geri,Kovnot,gkovnot5d@disqus.com,2,8.82,05.07,6.57,4,11
195,Janaya,Cullington,jcullington5e@ustream.tv,1,01.01,7.13,8.83,1,19
196,Dorette,Gobel,dgobel5f@reverbnation.com,1,3.60,4.68,2.67,4,8
197,Paxon,Bedham,pbedham5g@bluehost.com,2,6.58,4.76,1.23,4,1
198,Liza,Gouldstone,lgouldstone5h@time.com,6,9.41,2.11,,2,2
199,Karlyn,Brimblecombe,kbrimblecombe5i@bbb.org,1,2.56,06.02,5.43,3,12
200,Devin,Lebond,dlebond5j@google.com.hk,1,3.49,7.55,6.43,3,13
201,Serena,Avrasin,savrasin5k@deliciousdays.com,1,6.40,2.84,9.27,4,5
202,Yule,Suffe,ysuffe5l@sbwire.com,2,5.73,3.81,,5,2
203,Elspeth,Goward,egoward5m@mozilla.com,1,3.83,07.07,8.58,1,20
204,Jerrylee,Bramsen,jbramsen5n@bloglines.com,1,7.80,09.03,01.07,3,1
205,Kalvin,Caley,kcaley5o@goo.gl,2,2.62,1.75,01.02,1,1
206,Nester,Josskowitz,njosskowitz5p@timesonline.co.uk,2,6.69,8.10,4.30,1,6
207,Sybyl,Daniel,sdaniel5q@indiatimes.com,1,7.94,7.24,3.31,2,19
208,Karel,Porter,kporter5r@sakura.ne.jp,2,1.92,1.47,5.92,3,9
209,Alice,Yacobsohn,ayacobsohn5s@ezinearticles.com,1,1.15,9.70,9.10,2,10
210,Rey,Tamblyn,rtamblyn5t@linkedin.com,2,3.24,2.97,3.21,4,13
211,Robinet,Norville,rnorville5u@gov.uk,1,6.25,4.10,6.42,3,5
212,Erinna,Neville,eneville5v@flickr.com,3,8.66,4.25,6.60,5,2
213,Piper,Pithcock,ppithcock5w@npr.org,1,01.03,6.42,5.57,3,19
214,Mendy,Brilon,mbrilon5x@youtube.com,2,9.91,9.18,9.85,3,7
215,Broderic,Ebbutt,bebbutt5y@toplist.cz,2,1.36,6.78,,1,4
216,Isidor,Carah,icarah5z@posterous.com,2,5.30,6.78,04.03,5,13
217,Edward,Halesworth,ehalesworth60@ted.com,2,7.45,2.30,,5,18
218,Melisa,Coopey,mcoopey61@usatoday.com,1,7.96,05.03,5.23,3,2
219,Rickie,Hebblethwaite,rhebblethwaite62@tumblr.com,2,3.11,5.58,,3,3
220,Lombard,Izakson,lizakson63@shutterfly.com,2,2.92,6.86,6.25,2,17
221,Noah,Plose,nplose64@pbs.org,2,2.30,3.71,01.05,5,10
222,Currie,Claypoole,cclaypoole65@edublogs.org,2,8.43,5.43,6.21,2,12
223,Evyn,Hainey,ehainey66@alexa.com,2,1.99,08.04,2.45,5,6
224,Findley,Carey,fcarey67@creativecommons.org,2,3.00,1.93,7.95,3,12
225,Paul,Issacson,pissacson68@scientificamerican.com,2,7.66,3.24,04.02,4,10
226,Robbi,Coulter,rcoulter69@moonfruit.com,1,3.66,6.28,4.28,4,4
227,Lauryn,Batte,lbatte6a@list-manage.com,5,5.82,3.74,9.39,5,17
228,Channa,Grace,cgrace6b@google.com,1,03.06,05.06,1.16,2,7
229,Dolph,Buddock,dbuddock6c@bloomberg.com,2,3.61,5.81,06.03,5,9
230,Elissa,Uridge,euridge6d@studiopress.com,1,2.10,9.76,8.53,4,1
231,Kala,Beden,kbeden6e@apple.com,3,5.60,2.89,9.74,2,10
232,Tootsie,Simmons,tsimmons6f@people.com.cn,1,6.58,2.11,6.62,4,10
233,Sandro,Cotilard,scotilard6g@narod.ru,2,1.72,2.24,,5,2
234,Reynard,Merrigan,rmerrigan6h@woothemes.com,2,3.51,1.71,9.17,1,11
235,Pierce,Firebrace,pfirebrace6i@ameblo.jp,2,05.06,1.12,2.64,3,20
236,Garth,Francke,gfrancke6j@baidu.com,2,05.04,5.42,4.64,4,15
237,Wynne,Eagers,weagers6k@webnode.com,1,6.68,6.56,7.87,1,5
238,Joane,Lanfer,jlanfer6l@nyu.edu,1,5.72,4.41,4.79,5,9
239,Job,Quakley,jquakley6m@hatena.ne.jp,2,09.05,2.96,8.20,5,4
240,Raven,Setter,rsetter6n@omniture.com,1,4.32,6.41,,2,1
241,Durant,Rosenfarb,drosenfarb6o@bbb.org,2,5.68,04.01,4.11,1,8
242,Grange,Needham,gneedham6p@ehow.com,2,4.67,8.42,04.03,4,5
243,Edita,Wigelsworth,ewigelsworth6q@cbc.ca,1,6.44,7.18,2.73,3,10
244,Tess,Okenfold,tokenfold6r@acquirethisname.com,4,09.09,9.97,2.18,1,13
245,Vassily,Kleinstub,vkleinstub6s@stumbleupon.com,2,9.30,2.45,,3,7
246,Ban,Bennion,bbennion6t@nationalgeographic.com,4,5.86,8.77,8.32,4,5
247,Micheil,Hallgath,mhallgath6u@etsy.com,2,8.91,2.20,2.91,2,7
248,Danny,McFarlane,dmcfarlane6v@comsenz.com,2,3.23,8.62,2.18,1,10
249,Jemmie,Arnoldi,jarnoldi6w@si.edu,6,3.46,2.42,1.82,3,12
250,Hazel,Waddell,hwaddell6x@cloudflare.com,1,3.13,05.06,2.20,3,14
251,Crawford,Lygoe,clygoe6y@yellowbook.com,2,1.56,2.83,1.58,4,11
252,Barret,Burd,bburd6z@indiegogo.com,2,1.33,1.32,8.93,2,4
253,Ugo,Rubinchik,urubinchik70@stumbleupon.com,2,6.85,04.04,2.27,4,2
254,Cristy,Heatley,cheatley71@baidu.com,1,3.71,03.02,4.52,3,12
255,Phillipp,Claydon,pclaydon72@webnode.com,2,01.08,9.28,1.28,4,15
256,Rollins,Manueli,rmanueli73@ezinearticles.com,2,9.72,1.89,2.76,2,15
257,Bert,Cleghorn,bcleghorn74@desdev.cn,1,6.45,9.74,7.97,4,5
258,Gaston,Windibank,gwindibank75@hp.com,2,5.11,6.22,2.73,2,2
259,Tannie,Sleit,tsleit76@slashdot.org,2,2.73,7.68,7.12,4,1
260,Isidor,McGennis,imcgennis77@edublogs.org,2,5.63,2.62,1.32,2,2
261,Carleton,Stebbings,cstebbings78@loc.gov,2,3.77,5.81,1.78,5,17
262,Katheryn,Smithson,ksmithson79@163.com,1,7.77,5.48,1.27,2,20
263,Andromache,Clashe,aclashe7a@unicef.org,1,3.65,2.65,4.79,4,16
264,Sampson,Prewer,sprewer7b@paginegialle.it,2,9.84,7.79,6.21,2,4
265,Englebert,Shenton,eshenton7c@yahoo.co.jp,7,8.36,2.81,,1,19
266,Sabrina,Iaduccelli,siaduccelli7d@berkeley.edu,7,2.70,8.53,8.82,5,11
267,Mufinella,Darrington,mdarrington7e@symantec.com,1,8.41,3.24,9.69,4,14
268,Gillan,Gitthouse,ggitthouse7f@fc2.com,1,2.96,5.66,1.78,4,14
269,Magnum,Arnall,marnall7g@quantcast.com,2,8.46,1.28,9.99,1,12
270,Fredek,MacCoughan,fmaccoughan7h@un.org,2,2.11,4.32,9.18,5,7
271,Husain,O' Hogan,hohogan7i@php.net,2,1.73,2.99,7.22,3,7
272,Harlin,Danbye,hdanbye7j@dailymotion.com,2,2.66,3.87,6.99,4,7
273,Gay,Cassels,gcassels7k@wikia.com,1,09.01,3.00,2.44,5,15
274,Brenda,Pinock,bpinock7l@lycos.com,1,5.81,8.82,8.40,1,18
275,Martainn,Twydell,mtwydell7m@cafepress.com,2,6.13,9.78,5.92,3,8
276,Wallis,Suero,wsuero7n@tiny.cc,1,8.98,7.36,07.04,1,14
277,Hatty,Noke,hnoke7o@msn.com,1,5.86,6.23,3.76,3,11
278,Anthia,Castanho,acastanho7p@shinystat.com,1,2.83,09.02,8.71,1,1
279,Kamillah,Arr,karr7q@ocn.ne.jp,1,4.79,9.69,2.73,4,16
280,Rhoda,Lethley,rlethley7r@prweb.com,1,3.24,9.67,1.69,3,14
281,Bobinette,Fonteyne,bfonteyne7s@tumblr.com,1,4.25,4.12,6.29,3,11
282,Konstantin,Tomalin,ktomalin7t@xrea.com,2,2.60,3.49,06.07,4,3
283,Nanon,Nealon,nnealon7u@ca.gov,1,3.42,3.23,6.53,3,2
284,Loretta,Dufore,ldufore7v@whitehouse.gov,1,4.55,8.88,2.95,3,17
285,Caryl,Heigl,cheigl7w@bigcartel.com,8,3.19,2.00,07.07,5,7
286,Cazzie,Ghilks,cghilks7x@tmall.com,2,7.85,5.21,4.36,1,7
287,Alina,Hoodless,ahoodless7y@ucla.edu,1,5.90,7.23,,4,17
288,Titus,Blowers,tblowers7z@de.vu,2,4.17,02.03,,1,19
289,Faith,Micheau,fmicheau80@desdev.cn,3,7.71,8.81,8.87,1,17
290,Lorry,Byatt,lbyatt81@instagram.com,1,3.89,5.57,5.56,4,9
291,Hendrick,Lamas,hlamas82@usa.gov,2,2.59,02.06,,2,5
292,Karlen,Wheatcroft,kwheatcroft83@drupal.org,1,7.34,9.36,7.85,4,8
293,Emlynne,Busen,ebusen84@whitehouse.gov,1,7.50,9.84,5.23,1,14
294,Salli,Cookney,scookney85@opensource.org,1,7.00,5.23,9.14,3,3
295,Katerina,Dudderidge,kdudderidge86@discuz.net,1,1.65,3.61,4.76,5,3
296,Tedra,Adrian,tadrian87@xing.com,1,3.16,4.22,3.66,5,18
297,Janette,Cran,jcran88@devhub.com,1,3.21,4.10,9.89,5,15
298,Elva,Simmig,esimmig89@nifty.com,1,1.27,8.24,2.85,1,15
299,Tiffy,Batcock,tbatcock8a@mlb.com,1,6.19,8.19,01.05,3,6
300,Nalani,Goublier,ngoublier8b@phpbb.com,1,1.50,7.92,,3,20
301,Ansell,Conkling,aconkling8c@apple.com,2,6.88,2.57,4.51,1,16
302,Astra,Melledy,amelledy8d@moonfruit.com,1,9.62,3.67,6.51,3,2
303,Rozalin,Thornber,rthornber8e@japanpost.jp,4,6.25,8.74,7.53,5,2
304,Ema,Creebo,ecreebo8f@google.com.br,1,7.69,7.58,,4,9
305,Karim,de Aguirre,kdeaguirre8g@example.com,2,6.82,2.90,9.53,5,15
306,Teena,McShirie,tmcshirie8h@pen.io,1,9.24,9.11,,4,6
307,Jillana,Bonsale,jbonsale8i@slideshare.net,1,9.98,04.02,2.68,5,10
308,Lilli,Lembke,llembke8j@va.gov,1,2.39,5.52,5.22,5,10
309,Coralie,Boatright,cboatright8k@odnoklassniki.ru,1,9.87,3.78,5.69,3,9
310,Jeniffer,Franzini,jfranzini8l@yelp.com,1,5.92,7.74,3.54,2,15
311,Barnabe,Kytter,bkytter8m@webnode.com,2,8.80,9.44,6.00,3,3
312,Lorene,Eglington,leglington8n@xinhuanet.com,1,1.57,2.87,5.36,5,14
313,Roman,Tenby,rtenby8o@smh.com.au,2,4.91,6.97,8.47,3,6
314,Ekaterina,Culpin,eculpin8p@zdnet.com,1,9.83,4.28,,4,13
315,Babette,Spurge,bspurge8q@typepad.com,1,9.87,8.59,8.54,4,7
316,Antonius,Comolli,acomolli8r@de.vu,2,9.36,4.55,4.75,4,6
317,Davis,Kos,dkos8s@tiny.cc,2,2.17,2.23,5.38,4,16
318,Skipp,Latliff,slatliff8t@va.gov,2,01.03,1.10,,4,6
319,Ab,Underwood,aunderwood8u@ask.com,2,8.57,9.28,,1,18
320,Brandice,Fenna,bfenna8v@squidoo.com,1,9.81,09.07,2.35,4,5
321,Giorgio,Hansemann,ghansemann8w@weibo.com,2,03.07,3.25,1.58,1,8
322,Hamid,Delieu,hdelieu8x@dmoz.org,2,5.23,9.82,7.89,3,10
323,Bobby,Seear,bseear8y@buzzfeed.com,2,2.44,6.31,01.07,1,13
324,Frances,Lathwood,flathwood8z@themeforest.net,1,8.34,7.50,,1,8
325,Brianne,Helsby,bhelsby90@google.com,1,7.81,2.45,5.78,3,2
326,Arlyne,Brailey,abrailey91@dropbox.com,1,6.72,1.78,7.67,4,9
327,Sibley,Corre,scorre92@flavors.me,1,5.11,7.91,5.32,1,4
328,Wolf,Fillary,wfillary93@aboutads.info,6,3.26,9.66,4.27,2,9
329,Demott,MacGuffie,dmacguffie94@columbia.edu,3,9.82,04.09,4.79,2,6
330,Chalmers,Rigmond,crigmond95@cmu.edu,2,3.64,5.18,3.80,5,7
331,Asher,Adolfsen,aadolfsen96@wisc.edu,2,3.99,09.01,5.33,4,10
332,Lammond,Willmett,lwillmett97@tripod.com,2,9.44,5.42,,1,12
333,Em,Drowsfield,edrowsfield98@theatlantic.com,1,1.32,6.87,3.66,4,7
334,Huey,Cowling,hcowling99@tumblr.com,2,6.28,5.47,04.01,3,18
335,Colleen,Rodenburg,crodenburg9a@disqus.com,1,9.32,3.88,5.53,2,19
336,Erastus,Cohalan,ecohalan9b@exblog.jp,2,6.70,3.21,6.93,3,14
337,Ilario,Treswell,itreswell9c@mapy.cz,2,7.47,2.74,,2,8
338,Gaye,Hazard,ghazard9d@jimdo.com,1,7.82,3.65,2.20,1,3
339,Dallon,Clubley,dclubley9e@phoca.cz,2,3.53,06.09,,5,9
340,Burt,Izzatt,bizzatt9f@wired.com,2,1.88,05.04,8.19,4,12
341,Emmeline,Fulcher,efulcher9g@wikipedia.org,1,4.72,3.95,3.97,5,2
342,Melita,Skittrall,mskittrall9h@economist.com,1,3.53,2.56,2.48,3,19
343,Rebekkah,Cornell,rcornell9i@bing.com,1,5.80,2.72,2.77,2,4
344,Rafi,Krochmann,rkrochmann9j@ebay.co.uk,5,03.04,3.74,08.06,2,11
345,Zenia,Pollastro,zpollastro9k@weebly.com,8,3.83,1.94,3.86,4,5
346,Boone,Heistermann,bheistermann9l@berkeley.edu,2,3.12,3.69,4.58,5,6
347,Charissa,Lodemann,clodemann9m@washington.edu,1,3.57,6.87,08.06,5,7
348,Wynnie,Follit,wfollit9n@cafepress.com,1,6.73,1.68,7.82,5,1
349,Breena,Pellissier,bpellissier9o@whitehouse.gov,1,4.52,3.80,1.17,4,16
350,Gray,Pryde,gpryde9p@is.gd,1,8.35,6.51,9.19,1,17
351,Aila,Picknett,apicknett9q@businesswire.com,1,4.81,3.00,08.08,5,2
352,Raffaello,Maginot,rmaginot9r@wordpress.com,2,7.62,7.16,8.57,1,16
353,Riva,Tinman,rtinman9s@ycombinator.com,1,02.04,2.61,,1,12
354,Joana,Hogbourne,jhogbourne9t@123-reg.co.uk,1,8.39,7.10,,2,14
355,Shoshana,McDade,smcdade9u@netscape.com,1,04.04,1.86,4.38,5,10
356,Cristy,Dewhurst,cdewhurst9v@tripadvisor.com,1,6.59,3.67,,2,6
357,Patric,Liepmann,pliepmann9w@smh.com.au,2,5.77,4.13,1.77,4,15
358,Tarrah,Smalles,tsmalles9x@360.cn,1,3.37,8.14,6.83,2,17
359,Angelita,Arbor,aarbor9y@paginegialle.it,1,8.70,02.06,8.34,1,20
360,Emeline,Eardley,eeardley9z@alibaba.com,1,1.41,7.71,4.46,1,6
361,Kiele,Sainsbury,ksainsburya0@nih.gov,1,2.35,5.87,4.42,4,9
362,Prudy,Antrack,pantracka1@usgs.gov,1,05.04,7.97,8.45,3,2
363,Neille,Truelock,ntruelocka2@bluehost.com,1,3.65,9.62,3.83,4,15
364,Gualterio,Tippell,gtippella3@state.tx.us,2,3.97,7.55,7.65,2,16
365,Riccardo,Diben,rdibena4@sohu.com,2,9.19,1.86,09.02,4,1
366,Zola,Trattles,ztrattlesa5@addtoany.com,1,4.38,9.84,5.77,3,5
367,Dorita,Anyon,danyona6@nytimes.com,1,1.57,1.23,,4,17
368,Franklyn,Sykora,fsykoraa7@sciencedaily.com,2,5.77,9.57,5.73,3,17
369,Susannah,Comsty,scomstya8@businessinsider.com,1,9.55,4.39,2.24,1,8
370,Spense,Tomes,stomesa9@posterous.com,2,8.41,6.97,7.27,5,10
371,Beret,Blazi,bblaziaa@oakley.com,7,6.46,8.82,,2,16
372,Devora,Robert,drobertab@eventbrite.com,1,2.67,2.70,,2,11
373,Almire,Clementet,aclementetac@pen.io,1,3.35,5.33,1.49,2,12
374,Leigh,Ingliss,linglissad@bluehost.com,2,9.12,7.00,09.08,5,20
375,Elton,Ewert,eewertae@usda.gov,2,2.42,6.86,8.53,1,8
376,Kearney,Crace,kcraceaf@deliciousdays.com,2,9.75,6.32,5.52,5,16
377,Fonz,Wolfarth,fwolfarthag@patch.com,2,1.14,7.56,,1,17
378,Tiffani,Ludman,tludmanah@businessweek.com,1,2.39,08.05,,5,9
379,Kipper,Muselli,kmuselliai@baidu.com,2,2.62,2.56,1.54,2,3
380,Giusto,Hardistry,ghardistryaj@sitemeter.com,2,01.04,2.74,02.08,4,9
381,Nero,Blackwood,nblackwoodak@instagram.com,2,6.79,3.83,5.36,2,10
382,Any,Caldero,acalderoal@oracle.com,2,9.29,2.57,6.29,2,2
383,Elaina,Fleming,eflemingam@wikia.com,1,8.40,5.39,07.01,1,17
384,Isa,Shotter,ishotteran@microsoft.com,3,8.33,1.66,6.76,5,9
385,Beilul,Knapp,bknappao@accuweather.com,1,4.30,8.56,7.86,1,10
386,Budd,Branca,bbrancaap@hp.com,2,1.12,7.49,8.27,2,13
387,Cristie,Cosley,ccosleyaq@census.gov,1,2.85,3.97,8.98,5,9
388,Antonie,Birtwhistle,abirtwhistlear@hhs.gov,1,8.80,2.68,02.03,2,2
389,Cassondra,Bryan,cbryanas@google.co.jp,1,5.52,1.38,4.22,1,18
390,Crissy,Brookzie,cbrookzieat@yelp.com,1,1.79,7.53,,5,16
391,Bogart,Varndell,bvarndellau@csmonitor.com,2,5.21,3.31,2.49,3,20
392,Minnie,Shelper,mshelperav@zdnet.com,1,5.93,7.48,,4,18
393,Vidovik,Simkovich,vsimkovichaw@gmpg.org,2,01.09,4.43,2.47,4,14
394,Falito,Tappin,ftappinax@forbes.com,2,5.19,3.85,1.56,3,5
395,Koressa,Frediani,kfredianiay@yellowpages.com,1,3.57,5.48,3.74,5,7
396,Lucian,Danilevich,ldanilevichaz@1und1.de,2,8.39,9.72,6.16,5,1
397,Christy,Troke,ctrokeb0@uol.com.br,1,2.50,4.88,6.83,5,9
398,Diann,Graith,dgraithb1@bizjournals.com,1,7.25,7.57,4.71,5,8
399,Erwin,Gwyer,egwyerb2@mozilla.org,2,6.34,2.10,5.27,5,11
400,Conrad,Irving,cirvingb3@pen.io,2,9.55,01.09,,3,5
401,Charita,Danihelka,cdanihelkab4@a8.net,1,8.85,2.11,3.63,4,9
402,Kippy,Lambird,klambirdb5@springer.com,1,4.70,9.90,8.17,4,7
403,Ray,Dorrity,rdorrityb6@salon.com,3,5.39,6.42,,1,14
404,Moe,Robathon,mrobathonb7@umn.edu,2,4.67,4.37,5.61,2,15
405,Hastings,Olohan,holohanb8@mozilla.com,2,7.75,1.75,,3,10
406,Saunderson,Padell,spadellb9@globo.com,2,4.57,7.46,8.25,2,10
407,Gonzales,Tomasello,gtomaselloba@51.la,2,07.09,4.70,4.70,5,10
408,Berny,Gallatly,bgallatlybb@china.com.cn,2,9.46,8.72,,5,7
409,Maye,Dafter,mdafterbc@who.int,1,8.41,8.75,,2,19
410,Chiquia,Todhunter,ctodhunterbd@reverbnation.com,1,3.95,09.01,9.66,1,3
411,Ainslee,Doherty,adohertybe@msu.edu,7,4.85,2.36,7.56,3,14
412,Husein,Durtnall,hdurtnallbf@zimbio.com,2,7.47,8.40,9.27,1,11
413,Stanfield,Espinoza,sespinozabg@npr.org,8,7.86,5.57,3.87,1,17
414,Eldredge,Pateman,epatemanbh@acquirethisname.com,2,9.68,05.02,,5,11
415,Mandi,Moles,mmolesbi@de.vu,1,03.03,8.16,,5,10
416,Giselle,Emby,gembybj@abc.net.au,1,8.60,8.15,2.58,4,1
417,Nicolais,Clardge,nclardgebk@uiuc.edu,2,3.68,5.95,5.74,1,9
418,Wheeler,Glide,wglidebl@mail.ru,2,8.59,1.97,3.44,3,18
419,Lorelei,Brotherhed,lbrotherhedbm@ebay.com,1,3.66,9.75,9.63,5,19
420,Randa,Caffrey,rcaffreybn@infoseek.co.jp,1,5.57,8.56,06.07,1,11
421,Kit,Oolahan,koolahanbo@photobucket.com,2,7.96,04.03,7.59,2,4
422,Willi,Sanson,wsansonbp@cnet.com,2,8.87,2.90,,2,6
423,Reynold,Yakutin,ryakutinbq@auda.org.au,3,2.10,1.52,6.17,3,20
424,Eudora,Shakspeare,eshakspearebr@sogou.com,1,3.66,9.73,6.16,4,19
425,Ilka,Klossek,iklossekbs@google.com,6,3.27,2.34,,2,4
426,Auberon,Tremain,atremainbt@dot.gov,6,9.69,4.65,7.70,3,14
427,Cinnamon,Rhelton,crheltonbu@acquirethisname.com,1,03.05,3.59,6.66,2,1
428,Derick,Dalliston,ddallistonbv@lulu.com,2,7.67,04.07,,5,17
429,Sonny,Vido,svidobw@salon.com,1,6.35,4.00,1.83,4,5
430,Danella,Gribbon,dgribbonbx@youku.com,1,1.28,8.64,,2,8
431,Lester,Domenicone,ldomeniconeby@ibm.com,2,9.64,1.15,5.89,5,3
432,Bondon,O'Spillane,bospillanebz@hubpages.com,2,2.39,2.53,6.79,5,19
433,Zonda,Pach,zpachc0@spotify.com,1,8.84,4.35,6.68,3,10
434,Valeda,Mc Gaughey,vmcgaugheyc1@businessweek.com,1,2.71,4.69,1.13,2,12
435,Penn,Crain,pcrainc2@google.ru,7,8.36,3.39,,4,9
436,Robby,Harry,rharryc3@netscape.com,2,3.84,6.56,4.29,3,8
437,Roseanne,Heinecke,rheineckec4@si.edu,6,2.62,7.20,,1,4
438,Grete,Dumphy,gdumphyc5@shop-pro.jp,1,9.93,2.50,,2,6
439,Cris,Shwenn,cshwennc6@kickstarter.com,2,9.63,4.68,8.63,4,7
440,Raul,Speenden,rspeendenc7@over-blog.com,2,8.30,1.33,4.64,1,18
441,Marley,Knottley,mknottleyc8@disqus.com,1,6.36,3.97,3.51,2,1
442,Marge,Dun,mdunc9@friendfeed.com,1,3.36,5.99,6.78,4,4
443,Madeleine,Farnworth,mfarnworthca@hc360.com,1,9.96,9.32,1.76,1,6
444,Cacilie,Dabbs,cdabbscb@blogtalkradio.com,1,9.76,4.43,9.30,5,17
445,Siouxie,Bachura,sbachuracc@statcounter.com,6,8.94,5.85,3.21,2,8
446,Lenette,Arlow,larlowcd@disqus.com,1,2.69,8.67,8.67,1,1
447,Agnella,McIlrath,amcilrathce@simplemachines.org,1,1.50,3.87,8.25,5,4
448,Belicia,Shorthouse,bshorthousecf@edublogs.org,1,3.68,4.28,1.25,2,16
449,Eleanor,Naerup,enaerupcg@reference.com,1,3.00,9.87,9.85,4,2
450,Alejandro,Blasoni,ablasonich@unblog.fr,2,4.29,1.61,8.50,1,20
451,Rhianna,Yude,ryudeci@livejournal.com,1,1.10,2.37,,2,13
452,Jemmy,Currom,jcurromcj@npr.org,1,1.18,9.55,1.82,5,6
453,Stephen,Peter,speterck@opera.com,2,1.76,9.94,1.29,4,1
454,Mame,Gosson,mgossoncl@netlog.com,1,3.65,3.27,04.02,1,12
455,Lorianne,Gerrell,lgerrellcm@reddit.com,8,4.91,4.41,1.81,1,19
456,Doroteya,Knightley,dknightleycn@sitemeter.com,1,8.27,7.52,,4,9
457,Tiffani,Bullan,tbullanco@dagondesign.com,1,8.48,4.32,2.70,1,11
458,Jess,Danielsky,jdanielskycp@cmu.edu,3,2.30,6.68,,4,20
459,Hurley,Featenby,hfeatenbycq@github.com,2,5.46,5.58,3.62,5,13
460,Norry,Brenard,nbrenardcr@acquirethisname.com,1,4.30,07.01,3.62,4,7
461,Yolande,Cockhill,ycockhillcs@taobao.com,1,3.29,6.89,6.29,1,8
462,Alick,MacClinton,amacclintonct@weibo.com,2,6.38,2.96,,4,16
463,Lauren,Sabbins,lsabbinscu@cisco.com,2,3.11,7.86,,5,18
464,Fiorenze,Fourman,ffourmancv@marriott.com,1,3.30,08.04,5.46,2,12
465,Faydra,Dakers,fdakerscw@princeton.edu,8,1.50,4.40,6.29,5,2
466,Cristy,Havercroft,chavercroftcx@eventbrite.com,1,5.56,03.02,9.58,3,15
467,Faye,Dundon,fdundoncy@cbslocal.com,1,9.25,2.19,3.24,4,3
468,Erwin,Moses,emosescz@dailymotion.com,2,5.97,6.87,,3,7
469,Keelia,Menego,kmenegod0@dion.ne.jp,1,5.55,8.13,8.37,4,6
470,Aurelie,Bendare,abendared1@phoca.cz,1,6.16,2.83,,3,19
471,Carlos,Dougary,cdougaryd2@digg.com,2,6.26,09.05,7.45,5,17
472,Blisse,Whyatt,bwhyattd3@gnu.org,1,5.56,5.21,4.73,3,7
473,Vanna,Duckels,vduckelsd4@china.com.cn,1,03.01,6.55,2.72,5,20
474,Sianna,Durnford,sdurnfordd5@macromedia.com,1,8.23,2.94,8.12,2,15
475,Corby,Thiolier,cthiolierd6@berkeley.edu,2,7.89,2.10,01.07,5,18
476,Pier,Brand,pbrandd7@bandcamp.com,1,05.09,3.82,,5,16
477,Feodora,Rumble,frumbled8@dailymail.co.uk,1,3.85,3.21,6.38,3,5
478,Karylin,Vynoll,kvynolld9@skyrock.com,1,4.43,6.78,6.50,5,8
479,Jodie,Servante,jservanteda@mtv.com,2,6.37,06.01,,2,18
480,Gerianna,Morphey,gmorpheydb@domainmarket.com,1,9.41,04.01,3.81,4,4
481,Francine,Crocken,fcrockendc@icq.com,1,4.93,5.94,7.60,2,13
482,Alix,Warriner,awarrinerdd@discuz.net,1,8.29,3.56,1.36,5,7
483,Ede,Ryves,eryvesde@gizmodo.com,1,05.01,2.56,9.51,4,8
484,Cyndia,Huggett,chuggettdf@goo.gl,1,7.34,3.94,01.02,4,8
485,Simona,Castell,scastelldg@booking.com,1,5.45,7.33,5.58,2,4
486,Cicely,Calam,ccalamdh@mtv.com,1,1.98,6.27,1.36,5,4
487,Ronny,Shuard,rshuarddi@ibm.com,1,3.96,8.53,7.50,4,16
488,Jeth,Parks,jparksdj@deviantart.com,2,7.24,9.99,03.09,1,19
489,Paten,Edens,pedensdk@vinaora.com,2,7.92,4.84,6.13,5,7
490,Aubrey,Lemerle,alemerledl@amazon.co.jp,1,5.92,8.24,6.84,3,1
491,Curtice,Desouza,cdesouzadm@ucsd.edu,2,7.64,7.45,,3,18
492,Isidor,Shopcott,ishopcottdn@kickstarter.com,2,8.41,08.08,,3,15
493,Shandeigh,Jerrim,sjerrimdo@yahoo.com,1,7.43,1.14,,1,12
494,Irene,Yong,iyongdp@amazon.com,1,9.54,4.19,9.74,3,7
495,Cate,Chalfont,cchalfontdq@twitpic.com,1,2.90,8.15,,2,5
496,Andrey,Glassup,aglassupdr@apple.com,2,7.12,3.39,3.19,5,18
497,Rowney,Pring,rpringds@samsung.com,2,7.81,4.85,7.35,5,1
498,Corty,Lishman,clishmandt@si.edu,2,4.43,1.84,,1,12
499,Millie,Catterson,mcattersondu@live.com,1,7.77,9.68,4.41,3,9
500,Brion,Gilardoni,bgilardonidv@harvard.edu,2,05.05,4.65,4.52,4,19
501,Lark,Fellgett,lfellgettdw@mac.com,4,4.55,2.82,4.55,5,15
502,Seamus,Girardeau,sgirardeaudx@a8.net,2,2.29,9.34,9.14,5,11
503,Abdel,Bools,aboolsdy@blogger.com,5,4.51,3.28,3.83,2,19
504,Melonie,Jezzard,mjezzarddz@slideshare.net,1,6.56,9.59,8.60,2,17
505,Hewitt,Creamer,hcreamere0@etsy.com,2,2.52,2.63,6.78,5,4
506,Carlotta,Stickells,cstickellse1@tamu.edu,1,6.40,2.61,7.89,3,6
507,Pavia,Spurgin,pspurgine2@constantcontact.com,1,6.57,1.35,,1,14
508,Dennison,Peracco,dperaccoe3@slashdot.org,2,5.31,6.68,8.47,3,2
509,Emmet,Larkworthy,elarkworthye4@histats.com,2,4.87,1.31,3.65,2,15
510,Darla,Canellas,dcanellase5@state.tx.us,1,9.98,8.38,,5,5
511,Annice,Douce,adoucee6@diigo.com,1,5.61,1.56,,5,9
512,Sherwynd,Sharples,ssharplese7@disqus.com,2,5.93,6.68,3.26,5,20
513,Delly,Drewitt,ddrewitte8@com.com,7,8.64,4.75,5.60,4,10
514,Eldin,Denisyev,edenisyeve9@go.com,2,3.96,2.98,7.94,4,1
515,Belita,Gimblett,bgimblettea@nifty.com,1,7.28,4.38,,2,17
516,Jessalyn,O'Grogane,jogroganeeb@newsvine.com,1,7.13,6.41,4.14,2,10
517,Lotti,Iggulden,ligguldenec@purevolume.com,5,6.69,6.69,9.76,1,11
518,Allyce,Guiton,aguitoned@japanpost.jp,1,7.92,07.08,5.29,4,14
519,Sibylle,Petracchi,spetracchiee@imageshack.us,1,09.08,2.86,2.33,2,3
520,Crissy,Harber,charberef@woothemes.com,1,08.02,4.82,7.40,2,9
521,Raychel,Capstaff,rcapstaffeg@wisc.edu,1,7.95,01.04,8.62,2,2
522,Shawnee,Simeoli,ssimeolieh@cmu.edu,1,2.89,3.72,8.93,4,11
523,Ruttger,Walshe,rwalsheei@nps.gov,2,9.64,8.44,3.87,4,9
524,Skip,Chrispin,schrispinej@ask.com,2,4.12,9.40,5.91,3,8
525,Colline,Vidloc,cvidlocek@ovh.net,1,01.08,4.61,1.12,1,18
526,Zebulon,Hasser,zhasserel@so-net.ne.jp,2,2.59,9.66,4.80,1,16
527,Nathalie,Hazel,nhazelem@artisteer.com,1,9.24,5.49,2.18,1,11
528,Sara-ann,Young,syoungen@bloomberg.com,1,01.05,8.87,07.08,5,6
529,Valeria,McPartlin,vmcpartlineo@uol.com.br,1,9.74,5.66,2.71,1,4
530,Dalis,Orpwood,dorpwoodep@google.nl,2,8.53,6.54,5.55,5,12
531,Araldo,Minelli,aminellieq@cnbc.com,2,3.86,09.03,9.17,3,17
532,Ganny,Hoodless,ghoodlesser@examiner.com,2,2.65,9.22,3.70,3,15
533,Dewey,Bordes,dbordeses@blogs.com,2,1.27,9.60,5.89,2,9
534,Dory,Brandes,dbrandeset@virginia.edu,2,6.54,5.78,07.03,5,16
535,Dona,Andre,dandreeu@va.gov,1,3.62,4.18,05.07,3,2
536,Jessie,Trott,jtrottev@globo.com,6,7.11,1.60,2.33,3,19
537,Willie,Biggans,wbiggansew@hatena.ne.jp,2,1.93,9.88,6.67,2,3
538,Zelda,Behrens,zbehrensex@salon.com,1,1.23,1.97,3.81,4,8
539,Reade,Ellerey,rellereyey@nhs.uk,2,01.02,9.19,2.56,2,16
540,Flossi,Warn,fwarnez@harvard.edu,1,05.02,4.76,2.36,2,2
541,Antoine,Baudy,abaudyf0@nature.com,2,6.91,8.90,1.82,5,17
542,Zebulon,Kochel,zkochelf1@wikia.com,2,1.18,8.51,,1,6
543,Bryon,Verecker,bvereckerf2@google.fr,4,7.85,03.01,1.31,4,8
544,Tam,Reese,treesef3@unblog.fr,2,3.83,3.55,01.05,4,3
545,Katleen,Poundesford,kpoundesfordf4@alexa.com,1,08.09,6.29,,2,9
546,Derwin,Tellett,dtellettf5@alexa.com,2,6.93,03.01,7.22,1,19
547,Burk,Sarra,bsarraf6@cmu.edu,2,6.81,3.89,4.59,5,5
548,Ardeen,Zealander,azealanderf7@mayoclinic.com,1,3.60,5.26,7.43,3,4
549,Tyson,Rodinger,trodingerf8@ezinearticles.com,2,9.21,6.60,01.07,1,4
550,Tiff,Roux,trouxf9@ft.com,4,1.26,2.37,4.45,5,18
551,Tallie,Case,tcasefa@uiuc.edu,2,02.05,9.16,3.81,3,18
552,Brady,Caven,bcavenfb@de.vu,2,2.30,3.33,2.67,4,7
553,Lorelle,Carayol,lcarayolfc@jimdo.com,1,1.12,4.96,3.51,5,18
554,Candide,Murcutt,cmurcuttfd@youku.com,1,8.39,5.16,3.37,5,7
555,Cello,Keslake,ckeslakefe@blogspot.com,3,1.12,8.92,2.35,1,8
556,Felita,Ahren,fahrenff@mlb.com,1,06.02,08.02,5.81,1,11
557,Elfreda,Mustin,emustinfg@163.com,1,2.77,9.20,4.23,4,13
558,Orbadiah,Rieme,oriemefh@salon.com,6,02.06,2.74,9.40,5,11
559,Berkly,Bavage,bbavagefi@dailymail.co.uk,2,5.35,6.72,1.52,1,15
560,Roanna,Cough,rcoughfj@com.com,1,7.78,6.23,2.16,3,10
561,Kathe,Abrahams,kabrahamsfk@omniture.com,1,9.18,6.72,7.93,4,5
562,Irita,Nerne,inernefl@miibeian.gov.cn,1,03.01,8.16,2.42,2,14
563,Gwennie,Messiter,gmessiterfm@mashable.com,3,6.82,7.00,,1,6
564,Lorine,Coverdale,lcoverdalefn@webeden.co.uk,1,3.54,06.06,6.82,2,1
565,Chaim,Marrill,cmarrillfo@cafepress.com,2,4.16,7.82,,1,9
566,Jojo,Zanneli,jzannelifp@dailymotion.com,1,2.72,3.19,2.77,1,3
567,Pierson,Frowing,pfrowingfq@wordpress.com,2,5.00,3.99,07.07,3,20
568,Arlen,Blaise,ablaisefr@netscape.com,2,4.58,2.51,9.81,3,15
569,Jereme,Shevels,jshevelsfs@cpanel.net,2,1.93,4.22,8.10,1,15
570,Eddi,Thorald,ethoraldft@taobao.com,4,5.47,5.97,7.11,3,1
571,Yasmin,Hunsworth,yhunsworthfu@utexas.edu,1,3.54,2.29,6.61,1,11
572,Loraine,Itzkovwitch,litzkovwitchfv@dion.ne.jp,1,09.04,3.43,2.25,2,2
573,Ashla,Faulder,afaulderfw@hatena.ne.jp,1,5.23,4.60,6.15,2,20
574,Kenn,Jakobsson,kjakobssonfx@alibaba.com,2,01.04,5.21,2.27,4,1
575,Kathryn,Asker,kaskerfy@pagesperso-orange.fr,1,6.51,5.47,2.25,4,1
576,Leonelle,Kimber,lkimberfz@microsoft.com,1,1.88,2.55,2.00,3,14
577,Binky,Littrell,blittrellg0@oracle.com,2,3.30,5.62,6.34,3,8
578,Gilburt,Peaker,gpeakerg1@liveinternet.ru,2,1.59,7.57,2.35,1,16
579,Kerri,Fidilis,kfidilisg2@geocities.com,3,8.27,8.78,8.39,4,6
580,Alwyn,Gabbott,agabbottg3@usgs.gov,2,5.11,1.76,4.36,2,9
581,Sharity,Sharvill,ssharvillg4@purevolume.com,1,8.81,8.35,08.09,4,6
582,Johanna,Purseglove,jpursegloveg5@huffingtonpost.com,1,2.57,9.14,07.02,4,6
583,Dorri,Nairn,dnairng6@adobe.com,1,8.81,4.53,,3,13
584,Blake,Uren,bureng7@slate.com,6,03.03,3.67,6.42,1,12
585,Myrtle,De Francesco,mdefrancescog8@yolasite.com,1,9.23,6.25,3.00,4,9
586,Eduardo,Naris,enarisg9@mlb.com,2,1.88,6.86,6.99,2,5
587,Willey,Duchesne,wduchesnega@twitter.com,2,5.91,7.87,,1,1
588,Sigismondo,Eliaz,seliazgb@furl.net,2,2.71,6.18,3.93,5,4
589,Isa,Seeley,iseeleygc@live.com,2,6.92,9.25,04.03,2,17
590,Jada,Mccaull,jmccaullgd@washingtonpost.com,1,9.85,3.81,,3,19
591,Willi,Janicek,wjanicekge@is.gd,2,09.06,4.20,6.79,5,10
592,Zaneta,Guiduzzi,zguiduzzigf@rambler.ru,3,08.05,5.86,2.59,1,10
593,Gaylord,Solomonides,gsolomonidesgg@eepurl.com,2,1.22,5.37,6.27,5,6
594,Dud,Jocelyn,djocelyngh@nasa.gov,3,5.50,4.68,5.36,1,17
595,Samuel,Rouzet,srouzetgi@goo.ne.jp,2,6.17,3.20,1.52,3,20
596,Hieronymus,Ife,hifegj@taobao.com,2,9.65,2.37,9.26,5,3
597,Davie,Vertey,dverteygk@pbs.org,2,3.18,4.48,3.72,2,6
598,Susette,Mulheron,smulherongl@soundcloud.com,1,5.50,4.52,9.69,4,6
599,Kendre,Ceaplen,kceaplengm@arstechnica.com,1,08.03,6.84,09.05,3,7
600,Nathalia,Mainland,nmainlandgn@netvibes.com,1,2.88,1.87,4.47,5,18
601,Stesha,St. Leger,sstlegergo@home.pl,1,2.69,4.65,4.16,4,20
602,Aloin,Cowton,acowtongp@histats.com,2,1.16,9.58,2.51,3,20
603,Durante,Courson,dcoursongq@spotify.com,2,06.05,4.89,6.82,5,10
604,Nicolea,Drabble,ndrabblegr@reverbnation.com,1,6.62,4.15,8.31,4,10
605,Kara-lynn,Duckerin,kduckerings@edublogs.org,4,07.09,4.40,7.46,1,18
606,Annabell,Garrow,agarrowgt@chron.com,1,04.02,1.69,9.81,1,5
607,Colver,Have,chavegu@a8.net,2,9.15,7.10,,2,15
608,Karlik,Mourge,kmourgegv@reuters.com,2,4.94,6.69,5.40,5,8
609,Tasha,Renac,trenacgw@wikipedia.org,1,7.16,2.64,9.38,3,20
610,West,O'Crigan,wocrigangx@baidu.com,2,1.33,3.46,,2,15
611,Rene,Rumford,rrumfordgy@craigslist.org,2,8.00,1.39,7.94,3,2
612,Sherlock,Rawlyns,srawlynsgz@craigslist.org,2,2.51,9.89,,5,8
613,Shane,Fluin,sfluinh0@toplist.cz,2,08.04,9.79,4.46,1,16
614,Cassie,M'Chirrie,cmchirrieh1@msn.com,1,9.39,5.52,7.18,5,16
615,Alfy,Shall,ashallh2@com.com,2,3.49,01.06,8.80,1,6
616,Floyd,Jandac,fjandach3@yahoo.co.jp,2,7.14,6.93,8.10,5,11
617,Darell,Tschirschky,dtschirschkyh4@squidoo.com,1,7.28,7.14,3.68,1,11
618,Cara,McMeyler,cmcmeylerh5@who.int,1,9.99,3.75,4.86,1,3
619,Casey,Aleevy,caleevyh6@amazon.com,2,5.29,5.77,3.12,4,14
620,Micki,Rhymes,mrhymesh7@umich.edu,1,8.41,08.02,9.52,2,8
621,Lon,Siveyer,lsiveyerh8@buzzfeed.com,2,6.77,6.47,9.33,3,17
622,Elva,Blant,eblanth9@odnoklassniki.ru,1,4.17,2.20,6.18,3,17
623,Lita,Rivenzon,lrivenzonha@ox.ac.uk,1,3.34,6.41,6.43,4,5
624,Hube,Di Giacomo,hdigiacomohb@goo.ne.jp,2,6.50,9.13,4.93,5,1
625,Sebastian,Joire,sjoirehc@pen.io,8,6.42,5.89,5.74,2,2
626,Lionel,Heselwood,lheselwoodhd@live.com,6,4.59,4.84,7.48,1,8
627,Tripp,Getty,tgettyhe@bloomberg.com,2,3.93,1.66,5.43,3,3
628,Joli,Yatman,jyatmanhf@cisco.com,1,9.31,5.57,4.76,4,20
629,Monroe,Petegre,mpetegrehg@constantcontact.com,2,7.52,9.97,5.16,1,15
630,Veda,Persey,vperseyhh@slate.com,1,5.74,8.33,8.13,4,12
631,Kelsey,Keunemann,kkeunemannhi@purevolume.com,1,2.10,8.80,,3,2
632,Phelia,Dowell,pdowellhj@gmpg.org,1,2.43,2.41,9.82,3,2
633,Jackelyn,Goodwin,jgoodwinhk@blinklist.com,1,3.45,6.99,3.91,5,1
634,Windy,Speight,wspeighthl@wikispaces.com,1,9.30,2.93,5.12,3,16
635,Gael,Ickovitz,gickovitzhm@dyndns.org,2,01.02,8.84,03.09,4,5
636,Saraann,Zarfai,szarfaihn@eepurl.com,1,8.23,9.55,,4,19
637,Julia,Rushsorth,jrushsorthho@pagesperso-orange.fr,1,3.72,8.39,2.81,4,15
638,Kristofer,McArdell,kmcardellhp@ucla.edu,2,7.71,8.74,07.09,1,19
639,Sheffie,Loveland,slovelandhq@nydailynews.com,2,5.61,08.06,9.92,2,3
640,Steffen,Bewshire,sbewshirehr@amazon.co.jp,2,6.58,01.04,06.03,5,9
641,Erin,Polland,epollandhs@japanpost.jp,1,1.15,9.29,3.95,2,14
642,Burch,McGriffin,bmcgriffinht@liveinternet.ru,2,2.28,8.31,6.88,1,17
643,Egon,Inkster,einksterhu@google.nl,2,3.20,2.44,,4,5
644,Malva,Halleybone,mhalleybonehv@sakura.ne.jp,1,08.05,5.41,9.72,4,5
645,Dayle,Lyburn,dlyburnhw@netvibes.com,1,4.18,4.49,7.93,3,20
646,Chilton,Rollo,crollohx@nbcnews.com,2,6.14,2.33,5.97,3,11
647,Dore,De Dantesie,ddedantesiehy@cbc.ca,1,9.35,7.75,05.04,2,20
648,Marys,Sherwyn,msherwynhz@histats.com,1,8.11,4.38,2.98,2,20
649,Cirstoforo,Fairfull,cfairfulli0@fda.gov,2,1.56,9.84,5.16,2,16
650,Kevin,Albutt,kalbutti1@surveymonkey.com,2,3.36,5.18,,3,11
651,Concettina,Sorensen,csorenseni2@squidoo.com,1,4.85,9.58,,4,19
652,Huntlee,Crighton,hcrightoni3@usa.gov,2,6.73,5.90,3.30,5,8
653,Lawry,Dimmne,ldimmnei4@google.com.au,7,6.46,4.40,3.58,2,11
654,Mackenzie,Parzizek,mparzizeki5@nymag.com,2,1.27,8.31,1.51,1,16
655,Willamina,Dionsetto,wdionsettoi6@ask.com,1,5.92,6.37,9.11,1,8
656,Lodovico,Zealey,lzealeyi7@pbs.org,2,7.56,6.53,,4,12
657,Forest,Di Francesco,fdifrancescoi8@army.mil,2,9.84,04.02,5.60,1,7
658,Deane,Earry,dearryi9@elpais.com,2,7.64,1.96,3.49,4,15
659,Ingamar,Coneley,iconeleyia@npr.org,2,6.65,3.57,5.15,2,4
660,Obadias,Works,oworksib@dedecms.com,2,02.06,8.00,9.61,2,11
661,Kara-lynn,Packham,kpackhamic@forbes.com,1,5.67,4.26,9.92,5,19
662,Isadore,Josse,ijosseid@comsenz.com,5,01.05,8.42,9.42,4,6
663,Kaleb,Gratten,kgrattenie@latimes.com,2,1.88,7.11,3.40,1,5
664,Amby,Oriel,aorielif@slate.com,2,1.76,08.02,6.92,5,12
665,Merrick,Alliott,malliottig@google.com.br,2,6.72,3.78,6.16,2,7
666,Alaster,Domoney,adomoneyih@smh.com.au,2,8.72,7.59,9.77,4,12
667,Theresina,Willingam,twillingamii@mediafire.com,1,6.16,9.11,4.67,1,2
668,Evelina,Tarbath,etarbathij@mapy.cz,1,6.50,3.37,,2,14
669,Rosina,Arkill,rarkillik@bbb.org,1,1.95,6.27,4.37,4,9
670,Annadiana,Cosens,acosensil@indiegogo.com,1,05.03,6.40,2.90,4,7
671,Gui,Fairrie,gfairrieim@webmd.com,1,8.64,6.78,8.14,5,17
672,Annadiana,Warren,awarrenin@hhs.gov,1,02.02,9.17,8.65,5,13
673,Burt,Remon,bremonio@flickr.com,2,9.48,7.45,8.32,3,9
674,Gar,McAloren,gmcalorenip@accuweather.com,2,4.44,8.81,06.03,3,12
675,Isobel,Guillem,iguillemiq@baidu.com,1,8.26,1.40,,3,1
676,Milka,Hardy-Piggin,mhardypigginir@list-manage.com,1,6.57,01.09,4.95,3,18
677,Gonzales,Autry,gautryis@imageshack.us,2,8.42,1.53,8.28,1,17
678,Jacqueline,Ream,jreamit@lulu.com,1,6.52,1.98,1.60,5,14
679,Opaline,De Vile,odevileiu@storify.com,1,7.97,2.49,,1,16
680,Mauricio,Soigoux,msoigouxiv@networkadvertising.org,2,7.62,3.95,8.70,4,9
681,Ignatius,Chessill,ichessilliw@senate.gov,2,04.05,5.28,6.17,3,4
682,Gayle,Matous,gmatousix@vimeo.com,2,07.08,8.33,,3,4
683,Ree,Paskin,rpaskiniy@hibu.com,7,3.60,9.54,2.50,5,15
684,Brittni,Abramowitch,babramowitchiz@timesonline.co.uk,7,6.85,5.53,,4,19
685,Olivia,Bees,obeesj0@posterous.com,1,6.40,1.77,3.17,2,5
686,Dehlia,Mack,dmackj1@cloudflare.com,1,4.30,2.36,,3,5
687,Rozella,Urling,rurlingj2@xrea.com,1,8.20,2.00,04.02,2,2
688,Dilly,Gabbitas,dgabbitasj3@spotify.com,2,4.73,4.65,4.31,3,1
689,Giacobo,Prydden,gpryddenj4@tripadvisor.com,2,2.26,5.93,8.19,2,3
690,Carr,Kacheler,ckachelerj5@vkontakte.ru,2,6.92,9.40,03.06,2,8
691,Jordain,Joly,jjolyj6@creativecommons.org,1,4.41,4.52,,4,1
692,Gardener,Rillstone,grillstonej7@marketwatch.com,2,2.54,1.54,6.75,2,7
693,Dorothee,Emilien,demilienj8@pbs.org,1,3.52,01.01,8.90,5,15
694,Jarrid,Daughton,jdaughtonj9@netvibes.com,2,7.74,7.56,1.60,2,11
695,Derwin,Lemm,dlemmja@sogou.com,2,4.51,8.46,03.07,5,4
696,Janeta,Cella,jcellajb@nba.com,1,6.86,09.06,1.15,2,13
697,Selig,Quarrie,squarriejc@i2i.jp,7,2.32,6.17,2.00,1,9
698,Inesita,McNirlan,imcnirlanjd@oaic.gov.au,1,08.09,4.10,9.24,2,20
699,Martha,Haddacks,mhaddacksje@dmoz.org,1,6.55,9.68,3.37,5,12
700,Clement,Oluwatoyin,coluwatoyinjf@youku.com,2,6.91,8.25,7.58,5,9
701,Alexei,Paulsen,apaulsenjg@alibaba.com,2,9.12,08.01,8.48,3,20
702,Hedvige,Maven,hmavenjh@netlog.com,1,4.90,2.85,2.60,4,7
703,Rhoda,Gerrels,rgerrelsji@nature.com,1,7.78,3.44,,5,1
704,Mable,Tenny,mtennyjj@drupal.org,1,5.85,2.26,1.81,2,10
705,Johny,Deares,jdearesjk@theglobeandmail.com,2,4.59,1.65,,4,14
706,Perry,Axton,paxtonjl@ameblo.jp,2,2.64,7.55,3.60,5,2
707,Lizzy,Grunder,lgrunderjm@i2i.jp,1,7.14,6.23,2.16,4,18
708,Austin,MacBain,amacbainjn@virginia.edu,2,5.20,2.63,7.46,4,20
709,Celestina,Almey,calmeyjo@flavors.me,1,7.84,7.11,,2,18
710,Moira,Southerns,msouthernsjp@upenn.edu,1,9.94,8.11,4.25,4,14
711,Kirbee,Aitcheson,kaitchesonjq@usgs.gov,1,01.09,8.28,07.05,5,4
712,Magnum,Guiu,mguiujr@constantcontact.com,2,7.80,9.54,6.65,2,16
713,Kyle,Lower,klowerjs@icio.us,4,5.98,4.55,5.86,1,9
714,Jamaal,McGrann,jmcgrannjt@adobe.com,2,4.73,5.67,1.14,4,5
715,Claude,Holywell,cholywellju@comcast.net,1,4.96,7.69,3.71,5,1
716,Gunner,Greene,ggreenejv@intel.com,2,01.06,01.08,,2,3
717,Hinda,Lanfere,hlanferejw@weather.com,1,9.47,7.27,,2,14
718,Willy,Iggulden,wigguldenjx@cargocollective.com,1,1.50,7.57,3.30,5,16
719,Gaylord,Kiddy,gkiddyjy@webnode.com,2,9.85,7.77,6.30,1,15
720,Birdie,McKiernan,bmckiernanjz@com.com,1,6.23,6.95,,4,15
721,Elihu,Joret,ejoretk0@forbes.com,2,4.39,2.60,1.15,3,6
722,Kelcie,Vallerine,kvallerinek1@umn.edu,1,3.56,01.09,7.42,1,4
723,Kylen,Mabbott,kmabbottk2@usda.gov,1,3.77,2.84,3.38,4,18
724,Drusie,Gutherson,dguthersonk3@linkedin.com,1,07.04,8.23,,2,20
725,Stormi,Audenis,saudenisk4@opensource.org,1,07.06,3.53,02.07,1,16
726,Nichole,Quemby,nquembyk5@digg.com,1,2.57,4.84,8.41,2,5
727,Cathy,Du Hamel,cduhamelk6@t-online.de,1,9.94,4.76,,1,8
728,Liana,Beaman,lbeamank7@google.co.jp,1,6.00,8.58,6.42,4,6
729,Brandise,Fann,bfannk8@washingtonpost.com,1,09.05,3.29,2.31,4,5
730,Petronia,Sloss,pslossk9@yellowpages.com,1,7.33,5.80,06.08,1,1
731,Bobbe,Follacaro,bfollacaroka@ezinearticles.com,1,5.37,2.85,8.47,5,14
732,Sonny,Fawlks,sfawlkskb@webs.com,2,8.78,9.80,01.04,2,17
733,Therese,Stacy,tstacykc@elpais.com,1,5.34,8.31,8.72,1,18
734,Ardelia,Cesconi,acesconikd@seattletimes.com,5,6.27,1.21,2.47,2,15
735,Gorden,Dimond,gdimondke@mapquest.com,6,5.74,6.95,09.04,2,16
736,Inger,Snugg,isnuggkf@blinklist.com,3,06.09,7.84,,2,9
737,Minta,McRinn,mmcrinnkg@parallels.com,1,1.98,6.88,3.20,5,8
738,Quintana,Jirieck,qjirieckkh@rambler.ru,1,2.32,2.62,6.67,4,4
739,Brunhilde,Peyntue,bpeyntueki@amazon.co.jp,6,6.33,5.18,1.41,1,11
740,Ambrosius,Cristoferi,acristoferikj@mapy.cz,2,7.93,7.41,,4,11
741,Petunia,Yakunin,pyakuninkk@oaic.gov.au,1,1.12,1.29,2.98,4,18
742,Basilio,Agutter,bagutterkl@dmoz.org,2,6.78,5.41,1.10,5,14
743,Dicky,Hasslocher,dhasslocherkm@sciencedaily.com,2,6.36,2.35,1.44,2,3
744,Reggi,Strickland,rstricklandkn@blinklist.com,1,2.96,8.61,9.00,4,9
745,Jennica,Haydock,jhaydockko@joomla.org,1,4.86,4.64,6.60,2,11
746,Rhonda,Bowring,rbowringkp@spotify.com,1,8.59,03.07,9.12,4,17
747,Karel,Crutcher,kcrutcherkq@admin.ch,1,1.68,08.04,6.64,2,16
748,Sergent,Reynish,sreynishkr@cargocollective.com,2,1.97,7.82,5.55,2,5
749,Fanya,Killigrew,fkilligrewks@blinklist.com,1,4.49,1.67,05.02,1,1
750,Angelle,Gillon,agillonkt@kickstarter.com,1,5.40,5.11,5.84,4,16
751,Bevon,Mc Gee,bmcgeeku@bloglines.com,2,03.06,2.53,3.11,5,7
752,Chicky,Bannister,cbannisterkv@infoseek.co.jp,1,8.23,05.06,2.41,3,1
753,Leonie,Dallender,ldallenderkw@slashdot.org,1,6.58,6.95,,2,5
754,Lonnie,Kelloway,lkellowaykx@bandcamp.com,2,2.20,4.29,,5,10
755,Michelle,De Andreis,mdeandreisky@netscape.com,1,9.38,6.24,6.57,3,15
756,Willie,Healing,whealingkz@gnu.org,1,5.59,1.83,5.37,1,9
757,Aaren,Fery,aferyl0@dyndns.org,1,3.85,9.17,3.39,4,9
758,Jaquelyn,Amori,jamoril1@bloglovin.com,1,7.33,6.25,9.81,1,9
759,Yvon,Moorton,ymoortonl2@blog.com,2,8.86,9.45,7.15,4,18
760,Chrotoem,Gyrgorcewicx,cgyrgorcewicxl3@amazon.com,2,8.95,2.50,9.88,2,1
761,Elbertine,Burgwin,eburgwinl4@eepurl.com,1,3.50,3.12,,5,1
762,Guilbert,Ship,gshipl5@mysql.com,2,4.41,9.57,,3,14
763,Tamara,Myles,tmylesl6@prlog.org,1,3.61,6.93,,3,9
764,Elbertina,Physic,ephysicl7@reference.com,1,7.81,6.93,9.82,2,6
765,Sashenka,Gerrey,sgerreyl8@sciencedirect.com,1,7.82,04.01,,1,13
766,Kassie,Commusso,kcommussol9@eventbrite.com,1,05.01,3.47,6.81,1,2
767,Corabelle,Craigg,ccraiggla@squarespace.com,1,2.72,5.50,8.23,4,5
768,Susi,McGinly,smcginlylb@soundcloud.com,1,8.51,1.48,,2,7
769,Louis,Trafford,ltraffordlc@wsj.com,2,3.33,3.55,7.56,3,12
770,Lona,Torrie,ltorrield@dell.com,1,2.57,8.70,7.46,1,15
771,Eldon,Whyffen,ewhyffenle@delicious.com,2,6.73,4.34,3.68,4,12
772,Ramsey,Branton,rbrantonlf@mtv.com,2,7.89,01.04,3.15,4,18
773,Haleigh,Frigot,hfrigotlg@intel.com,1,9.70,5.52,5.65,3,1
774,Rubia,Brahmer,rbrahmerlh@narod.ru,8,4.32,9.96,3.58,5,2
775,Dian,Confort,dconfortli@edublogs.org,7,7.55,8.92,7.92,5,10
776,Muffin,Dorracott,mdorracottlj@google.com.br,2,1.48,09.03,2.78,1,11
777,Ulberto,Eisikowitch,ueisikowitchlk@soundcloud.com,2,2.51,1.54,4.89,5,4
778,Frank,Plunkett,fplunkettll@merriam-webster.com,2,9.46,8.16,7.16,4,12
779,Alexei,Ullock,aullocklm@hao123.com,2,4.74,2.81,3.77,3,1
780,Jerrine,Critcher,jcritcherln@ning.com,1,08.06,03.02,9.97,5,4
781,Sharl,Abbay,sabbaylo@tripadvisor.com,8,4.10,6.92,5.18,3,2
782,Dniren,Rosenwasser,drosenwasserlp@yale.edu,5,5.93,02.02,6.33,1,18
783,Daisie,Eyden,deydenlq@amazon.de,1,1.89,9.73,09.03,1,5
784,Shandeigh,Bignall,sbignalllr@ftc.gov,1,1.18,5.10,9.22,1,17
785,Lyndel,Marty,lmartyls@npr.org,1,4.24,6.46,,2,20
786,Collen,Markovich,cmarkovichlt@nps.gov,1,7.11,8.61,9.42,2,13
787,Carine,Delve,cdelvelu@elpais.com,1,6.84,2.87,3.29,1,18
788,Ham,Wong,hwonglv@soup.io,2,08.03,3.15,1.34,2,13
789,Kaja,Espadate,kespadatelw@baidu.com,1,3.70,6.86,7.35,5,14
790,Keely,Sorbey,ksorbeylx@nbcnews.com,1,1.22,1.60,3.36,3,10
791,Walt,Holdin,wholdinly@gizmodo.com,2,4.87,8.53,3.37,4,2
792,Hernando,Ransome,hransomelz@state.tx.us,2,1.54,2.60,,4,6
793,Felice,Culshew,fculshewm0@craigslist.org,1,3.70,5.79,,4,12
794,Brittaney,Sawdy,bsawdym1@ucoz.com,1,7.44,03.01,5.71,3,19
795,Elysee,Ricca,ericcam2@stumbleupon.com,1,6.14,6.60,,3,14
796,Christiano,McParlin,cmcparlinm3@indiegogo.com,2,8.81,5.51,9.90,3,9
797,Nevins,Daice,ndaicem4@aol.com,2,3.14,3.21,5.36,1,8
798,Tamas,Longmore,tlongmorem5@nps.gov,6,9.84,4.46,3.86,4,18
799,Kalie,Eslemont,keslemontm6@un.org,1,1.53,5.16,,4,5
800,Filippo,Teece,fteecem7@upenn.edu,3,1.21,7.71,,1,19
801,Rebbecca,Silcocks,rsilcocksm8@va.gov,5,9.57,7.31,3.99,2,20
802,Lorinda,Pinnegar,lpinnegarm9@phoca.cz,1,2.57,4.70,,4,17
803,Bernarr,Childes,bchildesma@about.com,2,3.62,3.81,5.27,5,4
804,Currie,Blind,cblindmb@gravatar.com,2,5.79,5.32,9.99,5,11
805,Jermaine,Swinglehurst,jswinglehurstmc@bloglines.com,1,04.07,9.97,2.14,4,9
806,Chip,Mussen,cmussenmd@sciencedaily.com,2,1.67,02.03,2.79,4,20
807,Glen,Denton,gdentonme@hugedomains.com,2,1.49,7.17,1.44,1,12
808,Kristan,Toxell,ktoxellmf@hhs.gov,1,4.38,01.04,3.69,1,17
809,Winslow,Harget,whargetmg@printfriendly.com,2,4.73,08.06,7.12,2,8
810,Norbie,Scraggs,nscraggsmh@cdbaby.com,2,5.56,5.79,6.18,3,11
811,Nannette,Waby,nwabymi@blogspot.com,1,3.40,4.26,2.89,2,3
812,Reynolds,Ianizzi,rianizzimj@themeforest.net,2,4.71,05.02,,3,20
813,Blair,Chaundy,bchaundymk@ox.ac.uk,1,3.90,7.10,8.38,1,9
814,Bennie,Simmig,bsimmigml@quantcast.com,1,5.54,7.31,9.23,5,7
815,Sibley,Collington,scollingtonmm@hatena.ne.jp,1,3.17,6.12,2.12,4,6
816,Odette,Snelson,osnelsonmn@marriott.com,1,4.69,5.96,,4,10
817,Salmon,Serck,sserckmo@umich.edu,2,2.65,6.89,3.14,4,9
818,Millicent,Stummeyer,mstummeyermp@disqus.com,1,7.52,5.60,8.87,2,13
819,Francis,Moynihan,fmoynihanmq@weebly.com,2,9.61,6.89,,5,2
820,Ezmeralda,Cowing,ecowingmr@scientificamerican.com,1,6.11,1.70,08.02,2,17
821,Lanni,Matzkaitis,lmatzkaitisms@kickstarter.com,1,1.85,6.46,8.55,4,6
822,Dulcie,Bigrigg,dbigriggmt@dion.ne.jp,1,6.36,2.62,02.02,4,13
823,Michale,Hillin,mhillinmu@google.com.au,2,2.65,2.62,3.40,3,15
824,Ruby,Bohl,rbohlmv@sciencedirect.com,2,4.76,1.44,9.48,5,15
825,Edna,Caskey,ecaskeymw@sina.com.cn,1,8.31,3.62,,3,8
826,Jozef,Addess,jaddessmx@buzzfeed.com,2,3.13,5.73,5.53,1,13
827,Madelaine,Sarre,msarremy@123-reg.co.uk,1,7.29,9.18,8.36,2,19
828,Griffie,Juden,gjudenmz@jiathis.com,6,7.47,8.65,5.22,4,11
829,Sadye,Rogans,srogansn0@nbcnews.com,1,7.17,3.54,,1,5
830,Moria,Lyburn,mlyburnn1@youtube.com,1,6.32,5.43,8.55,1,2
831,Legra,Cowton,lcowtonn2@123-reg.co.uk,1,8.82,8.45,2.50,4,8
832,Perren,Lusher,plushern3@cnn.com,5,2.46,7.13,,3,8
833,Jorry,Behling,jbehlingn4@addtoany.com,1,3.77,4.38,,1,13
834,Patsy,Stonehouse,pstonehousen5@seattletimes.com,2,8.47,4.26,06.03,4,13
835,Trevar,Gaine,tgainen6@opensource.org,2,06.03,6.91,2.16,3,10
836,Darda,Brownsword,dbrownswordn7@globo.com,1,7.87,3.85,,1,12
837,Say,Abate,sabaten8@wikispaces.com,2,7.83,4.71,08.01,5,6
838,Jarrad,Creavan,jcreavann9@omniture.com,2,3.27,3.53,,3,13
839,Juliane,Simister,jsimisterna@amazonaws.com,1,6.95,1.82,04.01,2,4
840,Oby,Scading,oscadingnb@boston.com,2,8.58,4.99,3.48,4,15
841,Anna-maria,Allbones,aallbonesnc@ft.com,1,05.06,9.67,3.37,1,5
842,Isaac,Manus,imanusnd@unc.edu,2,8.52,8.16,8.46,1,8
843,Elenore,Alkins,ealkinsne@va.gov,1,9.32,4.35,3.53,5,4
844,Durante,Toten,dtotennf@latimes.com,2,9.52,1.80,1.43,1,4
845,Deb,Sallans,dsallansng@newsvine.com,1,2.53,4.40,8.13,5,9
846,Bendite,Moylane,bmoylanenh@mysql.com,1,6.95,7.59,5.37,3,9
847,Barbe,Chritchley,bchritchleyni@dell.com,1,3.89,5.92,,2,6
848,Doti,Samworth,dsamworthnj@hp.com,1,2.98,5.87,1.52,3,20
849,Garland,Morigan,gmorigannk@wisc.edu,1,6.39,2.29,4.61,5,4
850,Thorin,Bugby,tbugbynl@constantcontact.com,5,5.17,6.16,1.52,4,9
851,Dosi,MacGaughie,dmacgaughienm@free.fr,4,5.81,9.79,,3,20
852,Aguste,De Gowe,adegowenn@youku.com,2,1.20,8.48,5.73,2,1
853,Oran,Orford,oorfordno@arstechnica.com,2,7.21,4.60,9.45,5,8
854,Drusy,Leppo,dlepponp@hugedomains.com,1,2.89,8.89,6.49,2,16
855,Cleo,Chuney,cchuneynq@vimeo.com,1,1.43,6.47,5.47,1,4
856,Ingrim,Stubbington,istubbingtonnr@cnbc.com,2,5.24,5.96,4.94,4,19
857,Christin,Whistlecroft,cwhistlecroftns@simplemachines.org,1,6.10,6.93,4.97,2,10
858,Nichole,Cecchi,ncecchint@apple.com,1,3.82,2.13,3.88,1,13
859,Ariel,Stallon,astallonnu@shop-pro.jp,2,4.80,6.49,07.01,3,15
860,Stevena,Saull,ssaullnv@printfriendly.com,1,6.47,4.66,09.03,2,12
861,Ado,Armistead,aarmisteadnw@gravatar.com,2,1.15,1.85,,5,17
862,Arabela,Cattanach,acattanachnx@huffingtonpost.com,1,1.13,2.27,1.10,2,10
863,Rafael,Vina,rvinany@360.cn,2,5.37,7.30,,3,12
864,Roanna,Eakeley,reakeleynz@example.com,1,4.57,8.51,9.54,4,5
865,Renato,Galpen,rgalpeno0@disqus.com,2,1.78,5.89,,3,6
866,Gav,Cloonan,gcloonano1@com.com,2,3.25,9.26,3.44,2,14
867,Fanchon,Eskrigg,feskriggo2@newyorker.com,1,8.32,9.90,4.16,5,5
868,Ruby,Bummfrey,rbummfreyo3@free.fr,2,4.61,3.36,5.35,3,7
869,Joella,Ewols,jewolso4@gmpg.org,1,8.70,7.61,01.08,4,2
870,Silvia,Tabbernor,stabbernoro5@infoseek.co.jp,1,3.35,4.42,,3,7
871,Johnathan,Emor,jemoro6@altervista.org,2,6.96,1.57,,5,19
872,Davidson,Cobb,dcobbo7@privacy.gov.au,2,4.71,09.01,4.24,2,14
873,Larina,Tunkin,ltunkino8@berkeley.edu,1,4.29,3.42,9.15,4,7
874,Selma,Matkovic,smatkovico9@reverbnation.com,1,6.48,5.33,3.88,5,14
875,Colver,Dionisii,cdionisiioa@washington.edu,2,5.89,8.66,,2,12
876,Dyane,Chaundy,dchaundyob@flickr.com,1,1.63,8.28,6.60,4,18
877,Charisse,Gornall,cgornalloc@indiatimes.com,1,5.88,1.25,,3,12
878,Silvie,Leheude,sleheudeod@arstechnica.com,1,9.75,2.19,5.11,1,9
879,Millard,Sime,msimeoe@jiathis.com,2,5.65,1.41,1.94,4,11
880,Syd,Forster,sforsterof@amazon.co.jp,2,4.77,2.87,6.99,3,3
881,Egbert,Torrent,etorrentog@narod.ru,2,6.45,6.57,5.53,2,8
882,Thurston,Albertson,talbertsonoh@apache.org,2,3.18,3.64,6.31,4,20
883,Dannel,Aldrick,daldrickoi@wp.com,2,3.52,2.64,8.17,5,11
884,Dannie,Kearey,dkeareyoj@ehow.com,2,5.41,7.18,6.55,1,3
885,Davita,Shillaker,dshillakerok@google.com.br,1,6.31,9.62,2.41,5,12
886,Carling,Ojeda,cojedaol@qq.com,2,2.67,1.47,3.59,1,16
887,Flossi,Alexander,falexanderom@discovery.com,1,6.35,5.58,7.30,5,9
888,Mycah,Remmer,mremmeron@noaa.gov,2,1.16,02.05,,5,17
889,Boot,Matskevich,bmatskevichoo@xinhuanet.com,2,2.47,1.16,,4,19
890,Duncan,Currom,dcurromop@jiathis.com,2,5.89,1.80,3.27,5,7
891,Hanson,Whitefoot,hwhitefootoq@phpbb.com,2,7.16,4.29,7.68,2,16
892,Fin,Champneys,fchampneysor@furl.net,2,4.44,2.12,06.08,1,3
893,Charmane,Sheards,csheardsos@youtube.com,1,8.38,2.76,,3,12
894,Lena,Haine,lhaineot@paginegialle.it,1,4.17,8.63,08.01,3,11
895,Austin,Philippou,aphilippouou@naver.com,1,6.62,6.40,3.41,2,13
896,Stu,Rasch,sraschov@hc360.com,2,5.23,01.01,3.46,5,6
897,Korey,Alekhov,kalekhovow@mediafire.com,2,5.31,02.09,6.18,2,15
898,Gelya,Ert,gertox@instagram.com,1,6.47,2.61,5.13,2,6
899,Joanie,Bowich,jbowichoy@slashdot.org,1,2.63,6.26,,3,6
900,Alano,Hance,ahanceoz@studiopress.com,2,7.00,4.77,,2,14
901,Symon,Lennard,slennardp0@epa.gov,2,4.12,9.13,6.81,4,5
902,Krisha,Seagrave,kseagravep1@mashable.com,2,1.76,5.91,5.33,1,1
903,Dana,Kalkhoven,dkalkhovenp2@accuweather.com,2,1.53,9.14,4.26,4,5
904,Kristen,Goard,kgoardp3@bloglines.com,1,2.96,2.17,7.19,3,20
905,Micky,Axton,maxtonp4@auda.org.au,6,3.34,1.54,7.34,5,5
906,Lara,Charter,lcharterp5@php.net,1,1.95,2.14,7.95,1,10
907,Haily,Limpenny,hlimpennyp6@reference.com,1,6.94,7.14,,4,11
908,Jay,Pote,jpotep7@xrea.com,2,2.74,8.74,,1,8
909,Jody,Alves,jalvesp8@imdb.com,4,8.10,7.74,8.70,3,12
910,Grissel,Vernazza,gvernazzap9@reference.com,1,6.62,1.17,4.98,5,13
911,Tildi,Kinman,tkinmanpa@prnewswire.com,1,7.40,7.50,5.56,2,12
912,Ulrica,Stanaway,ustanawaypb@fotki.com,1,1.77,5.24,1.86,3,5
913,Shawn,Dinkin,sdinkinpc@disqus.com,2,7.00,2.58,2.25,1,8
914,Brendin,Douglas,bdouglaspd@amazonaws.com,7,2.15,3.43,2.82,1,4
915,Aube,Middlemist,amiddlemistpe@ucoz.com,2,1.26,4.67,7.13,2,7
916,Rockie,Short,rshortpf@jalbum.net,2,9.55,02.05,,3,7
917,Mark,Senner,msennerpg@bing.com,2,1.59,8.47,09.04,1,15
918,Antoni,Cartmael,acartmaelph@mtv.com,2,07.03,9.77,4.88,3,2
919,Charisse,Woodlands,cwoodlandspi@tuttocitta.it,1,5.48,4.47,2.98,4,18
920,Pooh,Flagg,pflaggpj@unc.edu,1,1.64,6.13,5.48,4,4
921,Arlyne,Loughren,aloughrenpk@scientificamerican.com,1,2.83,9.57,7.24,5,9
922,Raychel,Bullough,rbulloughpl@umich.edu,1,5.80,5.67,,1,15
923,Haily,Glasman,hglasmanpm@foxnews.com,1,3.35,3.78,6.84,1,10
924,Shalna,Yurin,syurinpn@hc360.com,1,1.20,7.36,3.31,5,11
925,Pattin,Sillitoe,psillitoepo@wired.com,3,1.57,6.14,,2,6
926,Stephie,Troop,strooppp@vimeo.com,4,3.80,7.75,05.03,1,18
927,Laureen,Cona,lconapq@studiopress.com,1,8.86,9.56,8.88,3,1
928,Bird,Bonefant,bbonefantpr@time.com,1,3.77,2.40,,5,11
929,Eveleen,Dadson,edadsonps@webeden.co.uk,1,2.29,2.32,1.73,2,1
930,Gardy,Santer,gsanterpt@mozilla.com,2,6.70,3.94,8.72,1,12
931,Noell,Ginner,nginnerpu@hc360.com,1,3.17,2.70,6.21,2,15
932,Chad,Gillan,cgillanpv@goodreads.com,1,3.42,5.56,2.26,2,15
933,Erastus,Jeannon,ejeannonpw@xinhuanet.com,2,1.43,7.46,6.54,3,5
934,Evanne,Cavie,ecaviepx@shareasale.com,1,7.89,2.45,05.05,4,20
935,Clemente,Hardin,chardinpy@europa.eu,2,4.85,3.33,1.85,2,4
936,Harwilll,Valentine,hvalentinepz@tiny.cc,2,6.24,5.99,5.74,4,3
937,Chickie,Howkins,chowkinsq0@imageshack.us,2,2.28,3.55,1.45,2,12
938,Page,Shortland,pshortlandq1@amazon.de,1,06.07,2.87,6.61,2,11
939,Alf,Trenaman,atrenamanq2@newsvine.com,2,2.57,5.48,6.77,2,12
940,Barbabas,Busfield,bbusfieldq3@redcross.org,2,1.74,8.19,7.43,5,20
941,Ernest,Blum,eblumq4@statcounter.com,2,1.46,4.66,,3,9
942,Sidonia,Keane,skeaneq5@tmall.com,3,3.71,7.37,8.77,4,10
943,Muire,Regnard,mregnardq6@umich.edu,7,1.96,1.74,7.64,5,8
944,Eirena,Willimont,ewillimontq7@printfriendly.com,1,6.31,8.13,9.74,4,8
945,Micheal,Burress,mburressq8@twitter.com,2,09.04,2.44,3.45,2,1
946,Annecorinne,Grube,agrubeq9@free.fr,1,9.65,5.84,3.85,3,1
947,Jaine,Nunns,jnunnsqa@mail.ru,1,5.87,4.00,3.96,1,9
948,Wallis,Fear,wfearqb@tinyurl.com,1,1.53,3.14,7.51,1,2
949,Gilberta,Jewess,gjewessqc@apple.com,1,1.49,7.94,9.59,4,17
950,Liesa,Ivankov,livankovqd@people.com.cn,1,1.00,1.65,,3,20
951,Moreen,Cazalet,mcazaletqe@xrea.com,1,1.91,02.09,,1,14
952,Zachariah,Trounson,ztrounsonqf@geocities.com,2,4.52,4.79,9.46,1,7
953,Evanne,Castelletto,ecastellettoqg@who.int,1,07.07,3.98,4.71,1,12
954,Jarrett,Fludder,jfludderqh@huffingtonpost.com,2,8.81,7.96,6.40,3,19
955,Jada,Chazelle,jchazelleqi@fc2.com,1,1.24,3.00,9.16,3,2
956,Maxine,McCrea,mmccreaqj@yelp.com,1,5.33,3.33,5.36,4,7
957,Kimble,Marcus,kmarcusqk@ted.com,2,3.57,1.19,3.17,2,12
958,Sherwynd,Brecknall,sbrecknallql@dot.gov,2,10.00,1.22,2.63,5,3
959,Cello,Guildford,cguildfordqm@bloglines.com,2,7.90,4.14,02.04,4,7
960,Menard,Krook,mkrookqn@live.com,2,7.77,7.50,9.86,3,1
961,Idell,Brandenberg,ibrandenbergqo@zimbio.com,1,5.27,6.76,,4,20
962,Shela,Bartholat,sbartholatqp@unesco.org,1,8.79,5.53,3.38,4,13
963,Edan,Croal,ecroalqq@pen.io,2,9.11,8.92,5.16,5,18
964,Salvador,Barhams,sbarhamsqr@google.co.uk,2,6.97,3.36,,4,1
965,Lorna,Gludor,lgludorqs@ihg.com,1,8.37,06.01,6.19,1,2
966,Brunhilde,Adshead,badsheadqt@baidu.com,1,8.65,9.29,2.96,2,15
967,Zeb,Monkeman,zmonkemanqu@furl.net,2,3.54,8.41,,2,12
968,Dilly,Collin,dcollinqv@ucla.edu,2,7.20,2.18,7.73,2,19
969,Giovanna,Stockney,gstockneyqw@dyndns.org,1,3.52,1.71,3.62,2,3
970,Zed,Lathbury,zlathburyqx@mit.edu,2,4.42,1.76,9.73,4,4
971,Tally,Gierardi,tgierardiqy@issuu.com,1,4.21,8.62,7.58,4,10
972,Karoly,Miller,kmillerqz@posterous.com,1,5.14,9.54,3.89,1,13
973,Joela,Pass,jpassr0@chron.com,1,5.31,5.58,3.26,1,1
974,Alexandre,Klehn,aklehnr1@amazon.com,2,6.27,3.73,8.95,5,2
975,Janek,Rigler,jriglerr2@booking.com,2,7.25,1.36,,1,2
976,Bibbie,Agastina,bagastinar3@foxnews.com,1,07.09,06.02,,4,9
977,Thane,Stobbs,tstobbsr4@nsw.gov.au,2,3.13,8.71,9.85,1,11
978,Ed,Rousel,erouselr5@cmu.edu,2,6.74,4.68,,5,5
979,Lenka,Edeson,ledesonr6@engadget.com,1,7.95,2.60,,2,9
980,Gillie,Davidman,gdavidmanr7@mysql.com,1,3.67,08.07,2.56,1,16
981,Iorgo,Mussard,imussardr8@guardian.co.uk,2,9.51,9.37,4.86,1,13
982,Daryl,Toghill,dtoghillr9@earthlink.net,2,6.26,7.72,5.18,2,12
983,Lorelei,Kettlestringes,lkettlestringesra@blog.com,1,5.34,2.31,5.33,5,1
984,Redford,Fort,rfortrb@cdc.gov,8,09.03,8.64,1.38,1,2
985,Mic,Treneer,mtreneerrc@cafepress.com,8,01.03,2.72,05.01,2,10
986,Care,Momery,cmomeryrd@statcounter.com,2,9.68,7.50,8.00,1,4
987,Ree,Versey,rverseyre@uol.com.br,3,1.12,2.95,7.29,1,1
988,Kandace,Godbolt,kgodboltrf@newsvine.com,1,4.65,9.26,,1,20
989,Nolie,Moulden,nmouldenrg@is.gd,1,5.50,4.14,9.59,4,19
990,Ninnette,Ebbage,nebbagerh@blogs.com,1,7.55,5.16,02.08,5,3
991,Kalli,Godlonton,kgodlontonri@businessweek.com,1,2.70,6.90,7.11,4,6
992,Kile,Pavel,kpavelrj@networksolutions.com,2,6.88,9.36,9.96,3,19
993,Carey,Amphlett,camphlettrk@fotki.com,2,9.89,8.22,,2,14
994,Horace,Balcers,hbalcersrl@cocolog-nifty.com,2,8.56,03.08,,4,13
995,Krishna,Kitchingman,kkitchingmanrm@jimdo.com,2,8.94,1.34,7.11,2,18
996,Van,Rounding,vroundingrn@ycombinator.com,2,1.16,4.23,4.26,3,1
997,Janeta,Farney,jfarneyro@prnewswire.com,1,3.71,8.17,4.41,2,18
998,Jamill,Vernazza,jvernazzarp@typepad.com,2,1.40,6.80,5.56,4,4
999,Storm,Venus,svenusrq@samsung.com,1,1.71,2.37,1.74,2,4
1000,Willy,Schelle,wschellerr@washingtonpost.com,4,5.95,5.68,5.25,4,13