id_instructor,nombre,apellido,email
1,Antonina,Quin,aquin1@loc.gov
2,Livvy,Yearron,lyearronh@tamu.edu
3,Calvin,Lortzing,clortzing8@i2i.jp
4,Celine,Weight,cweight5@ocn.ne.jp
5,Donnell,Bowen,dbowen0@constantcontact.com
6,Nickie,Lantaff,nlantaffb@geocities.jp
7,Grata,Hallifax,ghallifaxd@plala.or.jp
8,Odessa,Eadmeades,oeadmeadesa@google.it
9,Davy,Cotterill,dcotterill6@hubpages.com
10,Ethelind,Brosel,ebroselc@hhs.gov
11,Ambur,Capron,acapron9@vimeo.com
12,Loraine,Sinney,lsinneye@stumbleupon.com
13,Nanette,Healey,nhealeyj@ucsd.edu
14,Sylas,Jakobsson,sjakobsson3@cbslocal.com
15,Iris,Pieter,ipieterg@alibaba.com
16,Eyde,Langlois,elanglois4@smugmug.com
17,Katrine,Halladey,khalladey7@mtv.com
18,Lynette,Barthram,lbarthramf@cnbc.com
19,Leona,Dranfield,ldranfield2@tinypic.com
20,Genny,Bramall,gbramalli@umn.edu